block,area,littera,role,unit,quantityKind,sensor_id,value_2026_09_13,age_h,note
daily,canary,LB72_2.GT10.PV,"outdoor air temp, AHU LB72:2 (CANARY)",degC,Temperature,aaffb1b1-f8ca-4e0a-8536-b58799ba3a7b,17.6,0.4,
daily,outdoor,AS72_2.GT31.PV,outdoor temp from master,degC,Temperature,cc64b9b8-2b9a-4f1a-8da9-074fdeb80fd2,16.6,0.3,
daily,AHU LB72:2,LB72_2.GT40.PV,supply air temp,degC,Temperature,13ca5f77-6273-4d60-a192-8bfa1066fd64,18.7,0.4,
daily,AHU LB72:2,LB72_2.GT60.PV,extract air temp,degC,Temperature,da35219b-b024-436e-bc93-ff50e65eeec1,22.4,0.4,
weekly,AHU LB72:2,LB72_2.GT70.PV,exhaust air temp,degC,Temperature,d1244acc-572b-408f-bd07-35306dd8a6b0,22.5,0.4,
weekly,AHU LB72:2,LB72_2.GT80.PV,frost guard,degC,Temperature,2ac88378-f79a-4b57-93a8-5a9892110cee,19.6,0.4,
daily,AHU LB72:2,LB72_2.GF40.PV,supply flow,l/s,Flow,ca935704-4998-466c-a216-8e6e68c31a86,1576.3,0.4,
daily,AHU LB72:2,LB72_2.GF70.PV,extract flow,l/s,Flow,092b8ca2-32a0-4b61-aa58-98cf6aec8e4a,1532.9,0.4,
weekly,AHU LB72:2,LB72_2.GP40.PV,supply duct pressure,Pa,Pressure,a945405d-acc6-4a22-a2de-8443fcfc8b9d,120.5,0.4,
weekly,AHU LB72:2,LB72_2.GP10.PV,supply filter dp,Pa,Pressure,498ad4c5-8792-400a-9b01-7062670a958c,36.3,0.4,
weekly,AHU LB72:2,LB72_2.GP61.PV,extract filter dp,Pa,Pressure,6bfb153b-16a8-4caf-805c-1c6fb58562fb,44.1,0.4,
daily,AHU LB72:2,LB72_2.SV20.SA,heating valve signal,%,ValvePosition,96821036-8e92-4f1c-814b-d1fe21199245,0.0,0.4,
daily,AHU LB72:2,LB72_2.SV30.SA,cooling valve signal,%,ValvePosition,19661131-6e62-45c7-b639-25855e90e8b3,0.0,0.4,
daily,AHU LB72:2,LB72_2.VVX.SA,heat recovery signal,%,ValvePosition,f0afd375-8a85-43f0-a472-4bd34e5a125b,3.0,0.4,
daily,AHU LB72:2,LB72_2.UV40.SA,supply fan VFD signal,%,ValvePosition,303a074d-ab50-401e-9540-6dc174f5aa27,47.1,0.4,
daily,AHU LB72:2,LB72_2.FF1.VT,extract fan running,0/1,State,30e4d934-a41a-40f9-a423-f579db7650d0,0.1,0.4,
daily,AHU LB733,LB733.GT10.PV,outdoor,degC,Temperature,ce39ae94-b870-43e8-a5f7-1ed7b49f15cd,19.1,0.3,
daily,AHU LB733,LB733.GT40.PV,supply,degC,Temperature,fd3ad446-a0e3-47c0-9e32-f2b38be599dd,16.2,0.3,
daily,AHU LB733,LB733.GT50.PV,room,degC,Temperature,72817e01-dc92-46c8-98bb-e38506a49687,22.5,0.3,
weekly,AHU LB733,LB733.GT61.PV,extract,degC,Temperature,9eec6aa6-085b-4bb0-9f48-3492e66585ad,22.4,0.3,
weekly,AHU LB733,LB733.GT70.PV,exhaust,degC,Temperature,ca9fbb8a-cf01-45af-a3dd-ea545f53a583,23.3,0.3,
weekly,AHU LB733,LB733.GP10.PV,supply filter dp,Pa,Pressure,58d7593d-90b5-493e-87a8-13da62274b97,42.3,0.3,
weekly,AHU LB733,LB733.GP61.PV,extract filter dp,Pa,Pressure,a3c9d85f-e1d2-45ce-827c-84f5034dff9c,34.9,0.3,
daily,AHU LB733,LB733.SV20.SA,heating valve,%,ValvePosition,ea00a6de-8346-4ce6-9d6d-22eadd5d2def,0.0,0.3,
daily,AHU LB733,LB733.SV30.SA,cooling valve,%,ValvePosition,4d71d47d-330f-4a0a-989a-b36029fb1b87,61.0,0.3,
weekly,AHU LB121,LB121.GT10.PV,outdoor,degC,Temperature,22be68c4-6ac8-4194-be6a-7057a582ec31,21.2,0.4,
weekly,AHU LB121,LB121.GT40.PV,supply,degC,Temperature,f8c26cfb-1b60-4555-8eaa-892b25abc63d,24.0,0.4,
weekly,AHU LB121,LB121.GT50.PV,room,degC,Temperature,e2a6d2a2-722b-4852-99ab-cb12bd7796c1,27.6,0.4,
weekly,AHU LB121,LB121.GF40.PV,supply flow,l/s,Flow,a754b3b4-a121-44df-a003-690274668241,46.6,0.4,
weekly,AHU LB121,LB121.GP10.PV,supply filter dp,Pa,Pressure,9eb496b8-9b49-418b-92a0-d3b8bac9a37f,7.5,0.4,
weekly,AHU LB121,LB121.UV40.SA,supply fan VFD,%,ValvePosition,8e706ac0-150f-4810-827d-d06259aa0841,0.0,0.4,
weekly,AHU LB122,LB122.GT10.PV,outdoor,degC,Temperature,3831ce9d-48b7-462d-b5ce-6ba0840ef842,22.3,0.4,
weekly,AHU LB122,LB122.GT40.PV,supply,degC,Temperature,c3fdd37e-55ea-43ed-9a3c-a5539c107c29,24.5,0.4,
weekly,AHU LB122,LB122.GT50.PV,room,degC,Temperature,da4039d3-e736-4cef-82ea-35c74a28f3b8,23.5,0.4,
daily,AHU LB122,LB122.GF40.PV,supply flow,l/s,Flow,1ea40949-caeb-4ed0-85c7-c3f611d40059,91.4,0.4,
weekly,AHU LB122,LB122.GP10.PV,supply filter dp,Pa,Pressure,8a33a7dd-cb32-4979-90d6-1323fb690028,5.9,0.4,
weekly,AHU LB122,LB122.UV40.SA,supply fan VFD,%,ValvePosition,15bee330-bbab-440f-b6c8-9a2caebe0dd4,0.0,0.4,
daily,AHU LB32,LB32.GF40.PV,supply flow TF1:1,l/s,Flow,c6900c6c-4028-4384-bda1-943bc52e6015,3652.5,0.3,
daily,AHU LB32,LB32.GF41.PV,supply flow TF1:2,l/s,Flow,8c73dab2-5812-45cb-8c7a-72a9113cf46a,3793.0,0.5,
weekly,AHU LB32,LB32.TF1.VT,supply fan running,0/1,State,cf658780-5d05-4e2d-b4f3-82949dd122c7,0.1,0.3,
daily,AHU LB33,LB33.GF40.PV,supply flow TF1:1,l/s,Flow,f1ed8376-8e7d-4a0a-8c03-0a93513c696c,2296.8,0.4,
weekly,AHU LB33,LB33.GF41.PV,supply flow TF1:2,l/s,Flow,e11cac85-697b-4ffc-9232-c2d91257780f,2069.7,0.4,
weekly,AHU LB33,LB33.TF1.VT,supply fan running,0/1,State,4b222057-cdd6-4217-a88e-f25bba59a271,0.1,0.4,
daily,AHU LB52,LB52.GF40.PV,supply flow TF1:1,l/s,Flow,f74d8e97-b9db-431a-b70c-d9bc97861f42,2182.0,0.3,
weekly,AHU LB52,LB52.GF41.PV,supply flow TF1:2,l/s,Flow,bd515ab3-e410-4847-9a0f-1006a725e681,3575.8,0.3,
weekly,AHU LB52,LB52.TF1.VT,supply fan running,0/1,State,7c5e392e-dc8b-42bd-9d76-7ce5cc823596,0.1,0.3,
daily,AHU LB731,LB731.GF40.PV,supply flow,m3/s,Flow,064cb2b5-5c61-449c-8079-84ed67adce4c,2.4,0.4,
daily,AHU LB731,LB731.GF70.PV,extract flow,m3/s,Flow,6b22d248-09f2-4e7c-a848-fdb54d082b35,3.1,0.4,
alarm,AHU LB731,LB731.ECONET.SLB.LA,Econet sum alarm B,alarm,AlarmMajor,fd07a208-df5e-4e41-a720-a162fb93cf47,1.0,0.4,ACTIVE on 13.09
weekly,AHU LB13,LB13.GT10.PV,outdoor,degC,Temperature,5c51ca86-a4b2-4d8c-8acd-ebb84ccc9012,17.7,0.3,
daily,AHU LB13,LB13.GT40.PV,supply,degC,Temperature,44723485-8d1b-40fd-ac2f-d980ac54c283,15.1,0.3,
weekly,AHU LB13,LB13.GT50.PV,room,degC,Temperature,7e32a01e-3270-424e-a9e3-27ffeaefa25a,23.0,0.3,
daily,AHU LB13,LB13.GQ41.PV,CO2,ppm,CO2,85ea4c97-bd7b-44cb-9a2d-5426d0bec357,431.4,0.3,
daily,AHU LB13,LB13.GF40.PV,supply flow,l/s,Flow,3e6b9b9a-06e5-40f9-bdfe-476c9c174cdf,1492.5,0.3,
weekly,AHU LB13,LB13.GP40.PV,supply pressure,Pa,Pressure,dbc2ea92-f7ff-4d6f-aa9c-c512812dfc09,242.0,0.3,
daily,Refrigeration VKA12/KB12/FA12,KB12.GT11.PV,brine supply temp,degC,Temperature,86518f43-1ee8-4e49-9ce1-ea38439a904b,-6.7,0.3,
daily,Refrigeration VKA12/KB12/FA12,KB12.GT12.PV,brine return temp,degC,Temperature,9e588358-000b-4a03-ac61-b90195afc472,-3.8,0.3,
daily,Refrigeration VKA12/KB12/FA12,KB12.GP11.PV,brine dp,kPa,Pressure,9dcf7b42-404e-4a60-b76f-33d3e6466c38,49.9,0.3,
weekly,Refrigeration VKA12/KB12/FA12,KB12.P30A.SA,brine pump A VFD,%,ValvePosition,8575673d-44d6-4ac3-be14-667badb3687c,0.0,0.3,
weekly,Refrigeration VKA12/KB12/FA12,KB12.P30B.SA,brine pump B VFD,%,ValvePosition,bd874006-a164-4b20-abd9-fea88e9f5a15,85.0,0.4,
daily,Refrigeration VKA12/KB12/FA12,VKA12.KK1.HP.PV,compressor 1 high pressure,bar,Pressure,a91246dd-828e-4360-ad27-018b3fa7a973,8.0,0.3,
daily,Refrigeration VKA12/KB12/FA12,VKA12.KK2.HP.PV,compressor 2 high pressure,bar,Pressure,84e36bbd-2c83-463f-bfdb-d3b8aac0f37f,7.8,0.3,
weekly,Refrigeration VKA12/KB12/FA12,VKA12.GT11.PV,VKA12 temp 11,degC,Temperature,951fe7ac-8ff6-45b7-b51d-41a5efa36af1,26.1,0.3,
weekly,Refrigeration VKA12/KB12/FA12,VKA12.GT12.PV,VKA12 temp 12,degC,Temperature,3e55cc36-dcba-418e-8f63-dac564b6705d,30.5,0.3,
weekly,Refrigeration VKA12/KB12/FA12,VKA12.P30.SA,VKA12 pump VFD,%,ValvePosition,1776bf8c-ca0e-4d7a-8f5c-d727042b92fe,100.0,0.3,
weekly,Refrigeration VKA12/KB12/FA12,FA12.GT11.PV,dry cooler temp in,degC,Temperature,90e3a0e5-bb18-44ad-9fb0-0e2620aea4aa,26.1,0.3,
weekly,Refrigeration VKA12/KB12/FA12,FA12.GT12.PV,dry cooler temp out,degC,Temperature,53f3a17d-cc3b-4953-8686-77dbc09034d8,37.5,0.3,
weekly,Refrigeration VKA12/KB12/FA12,FA12.P30.SA,dry cooler fan/pump VFD,%,ValvePosition,cab90ac1-9a82-4f20-a079-bc7d0b6d3083,59.6,0.4,
weekly,Refrigeration VKA12/KB12/FA12,FA12.KK1.HP.PV,FA12 high pressure,bar,Pressure,58de7747-99d9-478d-9071-51c041b9eea2,14.8,0.4,
daily,Comfort cooling VKA1-3/KB1/KM1,VKA.ANTAL.PV,number of chillers running,count,State,466f5582-47a2-481c-9214-09debd4b4620,0.1,0.4,
weekly,Comfort cooling VKA1-3/KB1/KM1,KB1.GT11.PV,KB1 temp 11,degC,Temperature,2d3f61ee-8745-4971-b121-8c96502a2191,25.9,0.3,
weekly,Comfort cooling VKA1-3/KB1/KM1,KB1.GT12.PV,KB1 temp 12,degC,Temperature,e818de54-326f-4453-9804-03e2bb2c851f,30.9,0.3,
weekly,Comfort cooling VKA1-3/KB1/KM1,KB1.SV30.SA,KB1 valve,%,ValvePosition,9b6f4c6e-3fed-45fa-9443-e32d43fdab55,46.4,0.3,
weekly,Comfort cooling VKA1-3/KB1/KM1,KB1.GP11.PL3.PV,KB1 pressure plan 3,kPa,Pressure,ffae7f47-3927-4999-8f36-979136daddc8,72.8,0.4,
weekly,Comfort cooling VKA1-3/KB1/KM1,VKA3A.GP11.PV,VKA3A condenser pressure,bar,Pressure,fadfac8e-2614-4700-98e7-e8d8f4016f7b,0.0,0.4,0.0 on 13.09 - off or dead
weekly,Comfort cooling VKA1-3/KB1/KM1,VKA3B.GP11.PV,VKA3B condenser pressure,bar,Pressure,6196367b-b1b7-480d-bfb5-466d9e0a81ae,0.0,0.4,0.0 on 13.09
alarm,Comfort cooling VKA1-3/KB1/KM1,VKA3.SEK.LA,VKA3 regulator in hand,alarm,AlarmMinor,91294c95-b6a5-40b9-9f1e-438191c1882f,1.0,0.4,ACTIVE 13.09
weekly,Comfort cooling VKA1-3/KB1/KM1,VKA3A.SV31.LA,VKA3A SV31 valve wrong position,alarm,AlarmMinor,6aa6a690-c477-42c8-938a-9dfaf451cf15,1.0,0.4,ACTIVE 13.09
weekly,Comfort cooling VKA1-3/KB1/KM1,VKA3A.SV32.LA,VKA3A SV32 valve wrong position,alarm,AlarmMinor,e93c2239-30e4-4de9-80e5-13a1a158a4cc,1.0,0.4,ACTIVE 13.09
weekly,Comfort cooling VKA1-3/KB1/KM1,VKA3B.SV31.LA,VKA3B SV31 valve wrong position,alarm,AlarmMinor,94f7cab4-dd00-4a96-ba1f-629c36b73f50,1.0,0.4,ACTIVE 13.09
weekly,Comfort cooling VKA1-3/KB1/KM1,VKA3B.SV32.LA,VKA3B SV32 valve wrong position,alarm,AlarmMinor,eeb7a366-a2b5-4e40-961d-7ed4704e9cc9,1.0,0.4,ACTIVE 13.09
weekly,Comfort cooling VKA1-3/KB1/KM1,KM1.GT13.PV,KM1 temp,degC,Temperature,d1717f47-d5a5-4d01-ab03-b61186f801dd,22.7,0.4,
weekly,Comfort cooling VKA1-3/KB1/KM1,KM1.UV30A.SA,KM1 pump A VFD,%,ValvePosition,eedea5dd-f529-4f37-b87c-ff9b64e64506,0.0,0.4,
weekly,Comfort cooling VKA1-3/KB1/KM1,KB102.DAGG.PV,KB102 dew point,degC,Temperature,38977b1f-94b4-401b-8fc3-92e76508e71a,12.4,0.4,
weekly,Comfort cooling VKA1-3/KB1/KM1,KB102.GT51.PV,KB102 room temp,degC,Temperature,fb1576c2-95c1-4eb3-b3c4-8cbb3b63ffc0,23.2,0.4,
daily,District heating VP1 / heating VS1,VP1.MQ41.ENERGI.PV,DH energy register,kWh? verify unit,ActivePowerTotal,42675e3f-5eba-49ab-b82c-84e93fac628e,4376850.0,0.4,
daily,District heating VP1 / heating VS1,VP1.MQ41.FLOW.PV,DH volume register,m3,Flow,065b24b6-83bc-46dd-8d2b-547b645c5d5c,100582.0,0.4,
daily,District heating VP1 / heating VS1,VP1.MQ41.EFFEKT.PV,DH power,kW? verify,ActivePowerTotal,7203c7c7-58df-4d45-a79e-c18291a80543,0.0,0.4,
daily,District heating VP1 / heating VS1,VP1.DELTA.PV,DH delta-T supply-return,K,Temperature,2b4a8c9d-ca5f-4c4f-93da-0c80ff570370,2.4,0.4,
weekly,District heating VP1 / heating VS1,VP1.GT41.PV,DH temp 41,degC,State,f8ac8437-9af7-4d8f-ae15-35cfb7fa96d9,26.0,0.4,
weekly,District heating VP1 / heating VS1,VP1.GT42.PV,DH temp 42,degC,State,96eb85c6-6caa-452d-bb66-1594f0928ad5,24.0,0.4,
daily,District heating VP1 / heating VS1,VS1.P90.SA,heating circuit VS1 pump,%,ValvePosition,ef181d7e-6a59-44e0-a2e2-a6ac991ce855,0.0,0.4,
daily,District heating VP1 / heating VS1,FLK1.GT50.PV,FLK1 temp,degC,Temperature,210ffe33-077d-4e70-be79-ac3c2b18b4da,20.5,0.3,
alarm,Sum alarms,AU.HAND.LA,any analog output in hand,alarm,AlarmMinor,7f0bd7aa-432f-4d9a-a228-0531644ed345,1.0,0.3,7 sensors share this littera (one per AS/DUC); bound to the one that read 1 on 13.09 (AU.HAND *1B Analog utgång i hand)
alarm,Sum alarms,DI.HAND.LA,any digital output in hand,alarm,AlarmMinor,f0886891-1285-4961-a59b-b94f1f71232f,0.0,0.3,
alarm,Sum alarms,AS65.CENTBRAND.LA,central fire alarm in AS65,alarm,AlarmMajor,713084ba-9dee-4e65-9b6d-25b5ba81dc4c,0.0,0.4,
alarm,Sum alarms,UPS.SA.LA,UPS alarm,alarm,AlarmMajor,b7caee96-c17d-4c9f-8222-36f57e015856,0.0,0.3,
alarm,Sum alarms,RESERVKRAFT.LA,standby power alarm,alarm,AlarmMinor,030f852a-7110-4177-8584-46888aca4e85,0.0,0.3,
alarm,Sum alarms,MASTER.KOMM.LA,master comm alarm,alarm,AlarmMinor,19de9f66-3882-4a71-80a6-1d216b4b26b9,0.0,0.4,
monday,Lifts (Saia),HISS1.LA,not at preferred floor alarm,alarm,AlarmMinor,b5aa8fc7-7bc1-4ab8-98b0-8a2260f29a62,0.0,0.3,
monday,Lifts (Saia),HISS2.LA,not at preferred floor alarm,alarm,AlarmMinor,5311b0ca-f6e9-43cf-bd10-5d41922718c3,0.0,0.3,
monday,Lifts (Saia),HISS3.LA,not at preferred floor alarm,alarm,AlarmMinor,2415c75b-821b-4e0c-934c-52d3be3f3d3d,0.0,0.3,
monday,Lifts (Saia),HISS6.LA,not at preferred floor alarm,alarm,AlarmMinor,e5fefac3-8f00-4220-b53f-258aea2639bf,0.0,0.3,
monday,Lifts (Saia),HISS7.LA,not at preferred floor alarm,alarm,AlarmMinor,370cf464-99f9-403f-a83e-9e2c2055fe9d,0.0,0.3,
monday,Lifts (Saia),HISS8.LA,not at preferred floor alarm,alarm,AlarmMinor,3d5e5d87-5826-4e68-92dc-ef4bbc5dae8b,0.0,0.3,
monday,Lifts (Saia),HISS9.LA,not at preferred floor alarm,alarm,AlarmMinor,30d2a787-4afd-4ba7-b614-342cc38f9efc,0.0,0.3,
monday,Lifts (Saia),HISS10.LA,not at preferred floor alarm,alarm,AlarmMinor,02b22f7c-2f70-4c2f-94b1-56e97760f07a,0.0,0.5,
monday,Lifts (Saia),HISS11.LA,not at preferred floor alarm,alarm,AlarmMinor,90b18434-014f-4cbd-83ca-327f50762489,0.0,0.3,
monday,Lifts (Saia),HISS13.LA,not at preferred floor alarm,alarm,AlarmMinor,3fdc1138-f134-4055-99b2-8baa83d896be,0.0,0.5,
monday,Lifts (Saia),HISS15.LA,not at preferred floor alarm,alarm,AlarmMinor,153956e3-8186-486e-a8ac-5c4e7aa0ee8f,0.0,0.3,
monday,Lifts (Saia),HISS16.LA,not at preferred floor alarm,alarm,AlarmMinor,244a9938-503a-4f37-aeba-59d1b9dc7b24,0.0,0.3,
monday,Lifts (Saia),HISS17.LA,not at preferred floor alarm,alarm,AlarmMinor,81e00d2a-86e7-4312-834b-f136649501a8,0.0,0.3,
monday,Lifts (Saia),HISS18.LA,not at preferred floor alarm,alarm,AlarmMinor,91622441-94db-43c0-9e6b-287c809faefc,0.0,0.3,
monday,Lifts (Saia),HISS19.LA,not at preferred floor alarm,alarm,AlarmMinor,2082d068-f66b-44f8-82bc-2f7301ed9d27,0.0,0.3,
monday,Lifts (Saia),HISS20.LA,not at preferred floor alarm,alarm,AlarmMinor,c4c17f13-ed08-4594-9b7a-512dd8f5c75b,0.0,0.3,
monday,Lifts (Saia),HISS21.LA,not at preferred floor alarm,alarm,AlarmMinor,d0660597-80dc-4259-8975-073d5764a1b0,0.0,0.3,
monday,Lifts (Saia),HISS22.LA,not at preferred floor alarm,alarm,AlarmMinor,cdc69484-7171-4037-bed4-1c30f6de9459,0.0,0.3,
monday,Lifts (Modbus),184-30012,Safety Chain Status Sensor 184,status word,AlarmMinor,b46a6280-a83d-4a4f-b540-e94e6e609ad5,63.0,0.3,
monday,Lifts (Modbus),186-30012,Safety Chain Status Sensor 186,status word,AlarmMinor,bfdcb664-a0a9-443a-a9a3-0e1f7d923869,7.0,0.3,
monday,Lifts (Modbus),185-30012,Safety Chain Status Sensor 185,status word,AlarmMinor,790fe59d-ab44-4244-9ce8-419888394b7b,63.0,0.3,
daily,Shops (Elsys ERS2),temperature_A81758FFFE0C5675,shop temp BUTIK K2137 (PLAN 1),degC,Temperature,4a1ac67d-4e70-46e7-8410-a8572a75a206,23.1,0.3,
weekly,Shops (Elsys ERS2),tvoc_A81758FFFE0C5675,shop TVOC BUTIK K2137 (PLAN 1),ug/m3,TVOC,bc2dba5f-c821-4679-ba41-1d70cdc6c16d,121,0.3,
weekly,Shops (Elsys ERS2),temperature_A81758FFFE0D24A0,shop temp BUTIK K2108 (PLAN 1),degC,Temperature,a0f85e18-325c-4181-8331-b8a63d59a766,22.3,0.3,
weekly,Shops (Elsys ERS2),temperature_A81758FFFE0C5676,shop temp BUTIK K2164 (PLAN 1),degC,Temperature,b98b9a7a-2c22-4141-adb2-0d1ef1f867e6,22.5,0.3,
weekly,Shops (Elsys ERS2),tvoc_A81758FFFE0C5676,shop TVOC BUTIK K2164 (PLAN 1),ug/m3,TVOC,b77afe6b-c7b4-463c-8b72-b87beb8a0c39,73,0.3,
weekly,Shops (Elsys ERS2),temperature_A81758FFFE0D24A1,shop temp BUTIK K2148 (PLAN 1),degC,Temperature,2c331cf6-9ee5-43f1-bb5d-1cb7b3ceeb68,22.7,0.4,
daily,Shops (Elsys ERS2),temperature_A81758FFFE0D24A2,shop temp BUTIK 0093 (PLAN 3),degC,Temperature,59d840ec-1b4c-441c-a08b-a57e8c17737c,21.3,1.4,
weekly,Shops (Elsys ERS2),temperature_A81758FFFE0C5674,shop temp ENTREHALL 61 (PLAN 3),degC,Temperature,539562d6-1a9e-4930-8e7c-18d1f8e7c5d0,21.3,0.6,
weekly,Shops (Elsys ERS2),tvoc_A81758FFFE0C5674,shop TVOC ENTREHALL 61 (PLAN 3),ug/m3,TVOC,f3d45b83-3fe7-41fc-9923-13cb76f6be76,148,0.6,
weekly,Shops (Elsys ERS2),temperature_A81758FFFE0C5673,shop temp BUTIK 0004 (PLAN 3),degC,Temperature,90ceacff-4da5-465f-a766-59dd1397be93,21.5,0.9,
weekly,Shops (Elsys ERS2),tvoc_A81758FFFE0C5673,shop TVOC BUTIK 0004 (PLAN 3),ug/m3,TVOC,1dc48b08-13dd-40bd-af53-89d6c817acff,29,0.9,
weekly,Shops (Elsys ERS2),temperature_A81758FFFE0D249E,shop temp BUTIK 0075 (PLAN 3),degC,Temperature,b30b1414-40c0-4936-89af-d967ebfe9f61,25.1,0.4,
daily,Shops (Elsys ERS2),temperature_A81758FFFE0C566F,shop temp BUTIK 1014 (PLAN 4),degC,Temperature,ddc9abaa-e60e-478f-8652-8c58ddbea29f,21.1,0.5,
weekly,Shops (Elsys ERS2),tvoc_A81758FFFE0C566F,shop TVOC BUTIK 1014 (PLAN 4),ug/m3,TVOC,a20c0368-c9da-4b6a-b0f1-3344eda99b0d,39,0.5,
daily,Shops (Elsys ERS2),temperature_A81758FFFE0C5671,shop temp BUTIK 1067 (PLAN 4),degC,Temperature,b4887a1c-4a85-4dc4-8af0-b7c71a7da635,20.6,0.4,
weekly,Shops (Elsys ERS2),tvoc_A81758FFFE0C5671,shop TVOC BUTIK 1067 (PLAN 4),ug/m3,TVOC,fa9a2f3d-53fb-4d09-a59f-fde4bd1efbb3,74,0.4,
weekly,Shops (Elsys ERS2),temperature_A81758FFFE0D249F,shop temp BUTIK 1081 (PLAN 4),degC,Temperature,587e0423-2169-41c6-8e85-964782aa720e,20.6,0.8,
weekly,Shops (Elsys ERS2),temperature_A81758FFFE0D249D,shop temp BUTIK 1093 (PLAN 4),degC,Temperature,2fc8f6c4-d985-437d-a09b-46b4058f2661,21.5,0.4,
weekly,Shops (Elsys ERS2),temperature_A81758FFFE0C566E,shop temp BUTIK 1082 (PLAN 4),degC,Temperature,5d421574-0af8-43fb-9d8d-64b8adc85ef5,20.2,2.6,
weekly,Shops (Elsys ERS2),tvoc_A81758FFFE0C566E,shop TVOC BUTIK 1082 (PLAN 4),ug/m3,TVOC,1d3df84c-71c1-4623-b153-e1c1d9a29451,26,2.6,
daily,Shops (Elsys ERS2),temperature_A81758FFFE0C564B,shop temp BUTIK 2002 (PLAN 5),degC,Temperature,b9745a6e-acf6-4d40-81fb-bd3a87c3ac59,21.2,0.9,
weekly,Shops (Elsys ERS2),tvoc_A81758FFFE0C564B,shop TVOC BUTIK 2002 (PLAN 5),ug/m3,TVOC,2302a13c-772d-4296-a1a8-41cc4ac3650f,40,0.9,
daily,Shops (Elsys ERS2),temperature_A81758FFFE0B3060,shop temp BUTIK 2024 (PLAN 5),degC,Temperature,9b4d2469-e4d5-4154-9dd7-81bb13286862,20.8,0.4,
weekly,Shops (Elsys ERS2),temperature_A81758FFFE0C566C,shop temp BUTIK 2041 (PLAN 5),degC,Temperature,c66e6a3e-715b-4237-b9a2-200a5f95c336,20.9,0.6,
weekly,Shops (Elsys ERS2),tvoc_A81758FFFE0C566C,shop TVOC BUTIK 2041 (PLAN 5),ug/m3,TVOC,add146af-de77-4a05-b6bb-90fd081e22ae,72,0.6,
weekly,Shops (Elsys ERS2),temperature_A81758FFFE0B3062,shop temp BUTIK 2074 (PLAN 5),degC,Temperature,e100c4a8-e4c8-4e6a-b0e0-78eb989d8849,22.5,0.3,
weekly,Shops (Elsys ERS2),temperature_A81758FFFE0C564C,shop temp BUTIK 2093 (PLAN 5),degC,Temperature,cdd66e09-d5d8-4da4-92ef-dc3d5e680a51,20.3,0.3,
weekly,Shops (Elsys ERS2),tvoc_A81758FFFE0C564C,shop TVOC BUTIK 2093 (PLAN 5),ug/m3,TVOC,b7f865a5-00cd-423b-b048-8e91aabd0fd8,51,0.3,
weekly,Shops (Elsys ERS2),temperature_A81758FFFE0C566D,shop temp BUTIK 2025 (PLAN 5),degC,Temperature,92cfd5cd-873a-4fe4-b6e1-1f975e292020,20.7,0.3,
weekly,Shops (Elsys ERS2),tvoc_A81758FFFE0C566D,shop TVOC BUTIK 2025 (PLAN 5),ug/m3,TVOC,1cdce523-58f1-409c-8154-fa956f72cfe5,60,0.3,
weekly,Shops (Elsys ERS2),temperature_A81758FFFE0B3063,shop temp BUTIK 2089 (PLAN 5),degC,Temperature,208e657d-b271-48f9-bad2-be991c10c3be,21.3,0.3,
weekly,Shops (Elsys ERS2),temperature_A81758FFFE0C566B,shop temp BUTIK 2069 (PLAN 5),degC,Temperature,798dcc93-7a5c-4ed7-8854-6a308136f38d,20.3,0.4,
weekly,Shops (Elsys ERS2),tvoc_A81758FFFE0C566B,shop TVOC BUTIK 2069 (PLAN 5),ug/m3,TVOC,0b794e85-b7c3-409b-92da-a3eef55c9764,55,0.4,
weekly,Shops (Elsys ERS2),temperature_A81758FFFE0B3061,shop temp BUTIK 2081 (PLAN 5),degC,Temperature,a6053213-b613-47f7-b688-288bb961e88b,21.5,0.3,
daily,Shops (Elsys ERS2),temperature_A81758FFFE0C5648,shop temp BUTIK 3094 (PLAN 6),degC,Temperature,4034c8ac-4bd7-4d24-8db0-f5ec2ebb445d,21.7,0.4,
weekly,Shops (Elsys ERS2),tvoc_A81758FFFE0C5648,shop TVOC BUTIK 3094 (PLAN 6),ug/m3,TVOC,45bbf2b7-b7a5-4aba-aed5-96a122b490f3,57,0.4,
weekly,Shops (Elsys ERS2),temperature_A81758FFFE0C5649,shop temp BUTIK 3118 (PLAN 6),degC,Temperature,59912e0d-d9f8-459e-bf52-56d79f2106b9,22.6,0.4,
weekly,Shops (Elsys ERS2),tvoc_A81758FFFE0C5649,shop TVOC BUTIK 3118 (PLAN 6),ug/m3,TVOC,52bb8150-fc1e-4678-8588-25428e4a423f,63,0.4,
daily,Shops (Elsys ERS2),temperature_A81758FFFE0C5646,shop temp MATSAL 4129 (PLAN 7),degC,Temperature,f356745a-9dc8-4cff-bbc8-1251e5534219,21.7,0.3,
weekly,Shops (Elsys ERS2),tvoc_A81758FFFE0C5646,shop TVOC MATSAL 4129 (PLAN 7),ug/m3,TVOC,09ef2436-ea0c-4aac-9210-6e97bb00b112,23,0.3,
weekly,Shops (Elsys ERS2),temperature_A81758FFFE0C5645,shop temp MATSAL 4123 (PLAN 7),degC,Temperature,76fd68b8-98b5-475a-8686-ff37ec40f811,22.1,0.4,
weekly,Shops (Elsys ERS2),tvoc_A81758FFFE0C5645,shop TVOC MATSAL 4123 (PLAN 7),ug/m3,TVOC,ddbc59fe-0017-4589-8af7-fc8616778c58,76,0.4,
weekly,Shops (Elsys ERS2),temperature_A81758FFFE0C5643,shop temp BUTIK 4176 (PLAN 7),degC,Temperature,d2c33b8f-8874-4be5-866c-a611d8b79e63,22.2,0.3,
weekly,Shops (Elsys ERS2),tvoc_A81758FFFE0C5643,shop TVOC BUTIK 4176 (PLAN 7),ug/m3,TVOC,d51d5273-b425-46d7-a67d-41206468c0fc,53,0.3,
weekly,Shops (Elsys ERS2),temperature_A81758FFFE0C51C7,shop temp BUTIK 4028 (PLAN 7),degC,Temperature,c3dc54b4-316f-4787-a2cf-81dc32c1fa55,22.8,0.6,
weekly,Shops (Elsys ERS2),tvoc_A81758FFFE0C51C7,shop TVOC BUTIK 4028 (PLAN 7),ug/m3,TVOC,9129f388-b0ca-4b16-9fab-06dc8c1cf539,51,0.6,
weekly,Shops (Elsys ERS2),temperature_A81758FFFE0C5644,shop temp VINBAR 4045 (PLAN 7),degC,Temperature,605a4801-3e57-4edc-8b21-65da68fad95e,21.2,0.4,
weekly,Shops (Elsys ERS2),tvoc_A81758FFFE0C5644,shop TVOC VINBAR 4045 (PLAN 7),ug/m3,TVOC,e66d21ae-e90d-411c-902b-92e886c0700d,48,0.4,
daily,Offices (Lindinvent) PLAN 8,LB81-5151F-VFD104/9070,room temp — ÖPPET KONTOR 5151 [LB81-5151F-VFD104],degC,Temperature,7c9d6aed-bd56-4898-ad6d-aa2d6a490dc3,22.5,0.3,
daily,Offices (Lindinvent) PLAN 8,LB81-5151F-VFD104/8006,room temp setpoint — ÖPPET KONTOR 5151 [LB81-5151F-VFD104],degC,CapabilityTypeSetpoint,2b1f1b52-9876-4a62-bc78-179db3452d39,22.5,0.3,
daily,Offices (Lindinvent) PLAN 8,LB81-5151F-VFD104/9090,CO2 — ÖPPET KONTOR 5151 [LB81-5151F-VFD104],ppm,CO2,d043b206-9ef5-4b51-b584-947a913b74e5,442.0,0.3,
daily,Offices (Lindinvent) PLAN 8,LB81-5151F-VFD104/4152,presence — ÖPPET KONTOR 5151 [LB81-5151F-VFD104],0/1,Presence,c0506487-1096-47ca-ba8e-de43791b97b7,0.0,0.3,
daily,Offices (Lindinvent) PLAN 8,LB81-5151F-VFD104/-12,supply flow — ÖPPET KONTOR 5151 [LB81-5151F-VFD104],l/s,Flow,e5bedd2f-33ea-470c-a3a7-e00b9bf5a8df,1.0,0.3,
daily,Offices (Lindinvent) PLAN 8,LB83-5192-VFD101/9070,room temp — ÖPPET KONTOR 5192 [LB83-5192-VFD101],degC,Temperature,6abbf3a3-0f6a-4ed3-8d5d-902d427b861b,22.5,0.3,
daily,Offices (Lindinvent) PLAN 8,LB83-5192-VFD101/8006,room temp setpoint — ÖPPET KONTOR 5192 [LB83-5192-VFD101],degC,CapabilityTypeSetpoint,2db8cea5-4734-4010-b344-960ee8d8e90f,23.0,0.3,
daily,Offices (Lindinvent) PLAN 8,LB83-5192-VFD101/9090,CO2 — ÖPPET KONTOR 5192 [LB83-5192-VFD101],ppm,CO2,208a7269-c2b7-4d4d-b0d1-51673ca3f081,482.0,0.3,
daily,Offices (Lindinvent) PLAN 8,LB83-5192-VFD101/4152,presence — ÖPPET KONTOR 5192 [LB83-5192-VFD101],0/1,Presence,cccc3575-2b56-4e07-8af3-329ac490047a,0.0,0.3,
daily,Offices (Lindinvent) PLAN 8,LB83-5192-VFD101/-12,supply flow — ÖPPET KONTOR 5192 [LB83-5192-VFD101],l/s,Flow,31f72187-9216-4a98-b183-140b900fd4e4,0.0,0.3,
weekly,Offices (Lindinvent) PLAN 8,LB82-5182-VFD102/9070,room temp — PAUSYTA 5182 [LB82-5182-VFD102],degC,Temperature,acce1021-53d3-4632-bd34-253616a5e42b,23.0,0.3,
weekly,Offices (Lindinvent) PLAN 8,LB82-5182-VFD102/8006,room temp setpoint — PAUSYTA 5182 [LB82-5182-VFD102],degC,CapabilityTypeSetpoint,adb38cf2-502f-4dd7-b29a-6f7b7dc16b97,22.0,0.3,
weekly,Offices (Lindinvent) PLAN 8,LB82-5182-VFD102/9090,CO2 — PAUSYTA 5182 [LB82-5182-VFD102],ppm,CO2,e229304a-9707-4e7d-8f5b-935b3df1c4ae,456.0,0.3,
weekly,Offices (Lindinvent) PLAN 8,LB82-5182-VFD102/4152,presence — PAUSYTA 5182 [LB82-5182-VFD102],0/1,Presence,6faf2ec1-5eae-4b99-bdda-934b5945bfcd,0.0,0.3,
weekly,Offices (Lindinvent) PLAN 8,LB82-5182-VFD102/-12,supply flow — PAUSYTA 5182 [LB82-5182-VFD102],l/s,Flow,c667ec5a-8d51-4262-b56f-6a830c7e97bb,1.0,0.3,
weekly,Offices (Lindinvent) PLAN 8,LB81-5152A-VFD104/9070,room temp — ÖPPET KONTOR 5152 [LB81-5152A-VFD104],degC,Temperature,ac9587dc-b06a-4419-aeb0-b3cac5b22028,21.8,0.3,
weekly,Offices (Lindinvent) PLAN 8,LB81-5152A-VFD104/8006,room temp setpoint — ÖPPET KONTOR 5152 [LB81-5152A-VFD104],degC,CapabilityTypeSetpoint,a2da8a37-b902-4989-8a0c-cf46ad469fb3,22.0,0.3,
weekly,Offices (Lindinvent) PLAN 8,LB81-5152A-VFD104/9090,CO2 — ÖPPET KONTOR 5152 [LB81-5152A-VFD104],ppm,CO2,2c189d6e-97b8-450e-8e6c-af0903228d6c,445.0,0.3,
weekly,Offices (Lindinvent) PLAN 8,LB81-5152A-VFD104/4152,presence — ÖPPET KONTOR 5152 [LB81-5152A-VFD104],0/1,Presence,348c871f-6f55-4f0b-88df-ea8474a96ed3,0.0,0.3,
weekly,Offices (Lindinvent) PLAN 8,LB81-5152A-VFD104/-12,supply flow — ÖPPET KONTOR 5152 [LB81-5152A-VFD104],l/s,Flow,36468fb4-80a1-4af6-9a47-5e2978549167,0.0,0.3,
weekly,Offices (Lindinvent) PLAN 8,LB82-5181-VFD101/9070,room temp — ÖPPET KONTOR 5181 [LB82-5181-VFD101],degC,Temperature,bc62516c-b3eb-41a6-8742-fd72b52236c8,22.5,0.3,
weekly,Offices (Lindinvent) PLAN 8,LB82-5181-VFD101/8006,room temp setpoint — ÖPPET KONTOR 5181 [LB82-5181-VFD101],degC,CapabilityTypeSetpoint,491f5666-654f-4e96-bf2f-d8e78ba407d8,22.0,0.3,
weekly,Offices (Lindinvent) PLAN 8,LB82-5181-VFD101/9090,CO2 — ÖPPET KONTOR 5181 [LB82-5181-VFD101],ppm,CO2,52bf0a08-52db-4ca4-8aee-42f30fb7c237,485.0,0.3,
weekly,Offices (Lindinvent) PLAN 8,LB82-5181-VFD101/4152,presence — ÖPPET KONTOR 5181 [LB82-5181-VFD101],0/1,Presence,06161ecf-9dc9-4364-90f8-cfbe5d8a70bc,0.0,0.3,
weekly,Offices (Lindinvent) PLAN 8,LB82-5181-VFD101/-12,supply flow — ÖPPET KONTOR 5181 [LB82-5181-VFD101],l/s,Flow,c47e38a0-2ab1-4039-b5cd-c78caec2a0f3,1.0,0.3,
daily,Offices (Lindinvent) PLAN 9,LB91-6177-VFD101/9070,room temp — BIBLIOTEK 6177 [LB91-6177-VFD101],degC,Temperature,31b62930-c242-4ff2-a662-9c31717c6332,22.7,0.3,
daily,Offices (Lindinvent) PLAN 9,LB91-6177-VFD101/8006,room temp setpoint — BIBLIOTEK 6177 [LB91-6177-VFD101],degC,CapabilityTypeSetpoint,c592982f-d9e6-4aea-8ebd-3b3a6d98717b,22.5,0.3,
daily,Offices (Lindinvent) PLAN 9,LB91-6177-VFD101/9090,CO2 — BIBLIOTEK 6177 [LB91-6177-VFD101],ppm,CO2,99507143-2fd2-4f0a-b2d6-bc672d906a08,496.0,0.3,
daily,Offices (Lindinvent) PLAN 9,LB91-6177-VFD101/4152,presence — BIBLIOTEK 6177 [LB91-6177-VFD101],0/1,Presence,b466f518-0c39-492f-bc1e-26f3b196212c,0.0,0.3,
daily,Offices (Lindinvent) PLAN 9,LB91-6177-VFD101/-12,supply flow — BIBLIOTEK 6177 [LB91-6177-VFD101],l/s,Flow,41df59ad-ce8c-4779-831b-c10a035f608d,36.0,0.3,
weekly,Offices (Lindinvent) PLAN 9,LB91-6182-VFD102/9070,room temp — MÖTE 6182 [LB91-6182-VFD102],degC,Temperature,0ae7be67-3643-4017-8235-616d0ceb1747,22.1,0.3,
weekly,Offices (Lindinvent) PLAN 9,LB91-6182-VFD102/8006,room temp setpoint — MÖTE 6182 [LB91-6182-VFD102],degC,CapabilityTypeSetpoint,77d8cdb5-7037-41b4-a303-955a9c07f28a,21.0,0.3,
weekly,Offices (Lindinvent) PLAN 9,LB91-6182-VFD102/9090,CO2 — MÖTE 6182 [LB91-6182-VFD102],ppm,CO2,c71b1415-745c-4a07-ae04-7c74eeee79c8,529.0,0.3,
weekly,Offices (Lindinvent) PLAN 9,LB91-6182-VFD102/4152,presence — MÖTE 6182 [LB91-6182-VFD102],0/1,Presence,e2d0b796-18f7-4f67-a2ea-7f78fa9d0bb5,0.0,0.3,
weekly,Offices (Lindinvent) PLAN 9,LB91-6182-VFD102/-12,supply flow — MÖTE 6182 [LB91-6182-VFD102],l/s,Flow,830c8326-dad8-4308-a0af-796577164306,126.0,0.3,
weekly,Offices (Lindinvent) PLAN 9,LB91-6182-VFD101/9070,room temp — MÖTE 6182 [LB91-6182-VFD101],degC,Temperature,6f5b6624-7580-410a-991b-bad2ce85f82e,22.1,0.3,
weekly,Offices (Lindinvent) PLAN 9,LB91-6182-VFD101/8006,room temp setpoint — MÖTE 6182 [LB91-6182-VFD101],degC,CapabilityTypeSetpoint,d174dbc6-71bd-4cb8-b150-83674525356b,21.0,0.3,
weekly,Offices (Lindinvent) PLAN 9,LB91-6182-VFD101/9090,CO2 — MÖTE 6182 [LB91-6182-VFD101],ppm,CO2,6e35d20e-44a5-4fba-8556-9013173358e8,529.0,0.3,
weekly,Offices (Lindinvent) PLAN 9,LB91-6182-VFD101/4152,presence — MÖTE 6182 [LB91-6182-VFD101],0/1,Presence,cbeac6f4-daa5-4ff7-8eed-f9ff60f3728c,0.0,0.3,
weekly,Offices (Lindinvent) PLAN 9,LB91-6182-VFD101/-12,supply flow — MÖTE 6182 [LB91-6182-VFD101],l/s,Flow,35e30fa3-6d3d-4f48-95c0-0ab24d9b42c1,63.0,0.3,
daily,Offices (Lindinvent) PLAN 10,LB104-7006-TB15B2/9070,room temp — KONTOR 7006 [LB104-7006-TB15B2],degC,Temperature,973f9f47-e8ce-4a80-8c7a-aad549c99731,21.7,0.3,
daily,Offices (Lindinvent) PLAN 10,LB104-7006-TB15B2/8006,room temp setpoint — KONTOR 7006 [LB104-7006-TB15B2],degC,CapabilityTypeSetpoint,7c881144-6f2c-4dd2-8dca-e2cad34aebf2,21.0,0.3,
daily,Offices (Lindinvent) PLAN 10,LB104-7006-TB15B2/9090,CO2 — KONTOR 7006 [LB104-7006-TB15B2],ppm,CO2,703e5fbb-f3de-4a17-a781-28672aa0224c,437.0,0.3,
daily,Offices (Lindinvent) PLAN 10,LB104-7006-TB15B2/4152,presence — KONTOR 7006 [LB104-7006-TB15B2],0/1,Presence,6420e30a-5dfb-4a28-b919-65173e97d355,0.0,0.3,
daily,Offices (Lindinvent) PLAN 10,LB104-7006-TB15B2/-12,supply flow — KONTOR 7006 [LB104-7006-TB15B2],l/s,Flow,59d4d0bc-8712-4a69-bc3b-17dc51d6bb34,0.0,0.3,
weekly,Offices (Lindinvent) PLAN 10,LB104-7027-TB15B4/9070,room temp — KOPIERING/FRD. 7027 [LB104-7027-TB15B4],degC,Temperature,4322009d-15fd-4c75-9ed4-015d954b5c76,22.8,0.3,
weekly,Offices (Lindinvent) PLAN 10,LB104-7027-TB15B4/8006,room temp setpoint — KOPIERING/FRD. 7027 [LB104-7027-TB15B4],degC,CapabilityTypeSetpoint,ac9ed475-c345-46ab-816f-a1c71060be24,22.0,0.3,
weekly,Offices (Lindinvent) PLAN 10,LB104-7027-TB15B4/9090,CO2 — KOPIERING/FRD. 7027 [LB104-7027-TB15B4],ppm,CO2,9d5c3809-6db0-4d6f-9e2c-aa85fa72fdec,486.0,0.3,
weekly,Offices (Lindinvent) PLAN 10,LB104-7027-TB15B4/4152,presence — KOPIERING/FRD. 7027 [LB104-7027-TB15B4],0/1,Presence,143d3c2a-804f-4b42-b7ac-db1de59bfac3,0.0,0.3,
weekly,Offices (Lindinvent) PLAN 10,LB104-7027-TB15B4/-12,supply flow — KOPIERING/FRD. 7027 [LB104-7027-TB15B4],l/s,Flow,19bcebcb-0943-422e-a5be-b9a886f8bdcf,0.0,0.3,
weekly,Offices (Lindinvent) PLAN 10,LB104-7008-TB15B1/9070,room temp — GRUPPRUM 7008 [LB104-7008-TB15B1],degC,Temperature,976fca31-2f51-4aeb-9cba-41d84db91a7d,22.6,0.3,
weekly,Offices (Lindinvent) PLAN 10,LB104-7008-TB15B1/8006,room temp setpoint — GRUPPRUM 7008 [LB104-7008-TB15B1],degC,CapabilityTypeSetpoint,f9d09fd7-7a5f-4a1e-a64e-770d4380a968,22.0,0.3,
weekly,Offices (Lindinvent) PLAN 10,LB104-7008-TB15B1/9090,CO2 — GRUPPRUM 7008 [LB104-7008-TB15B1],ppm,CO2,d62888d0-b57c-4b14-b733-b8db1592b44c,441.0,0.3,
weekly,Offices (Lindinvent) PLAN 10,LB104-7008-TB15B1/4152,presence — GRUPPRUM 7008 [LB104-7008-TB15B1],0/1,Presence,c2e5dbd0-ea9c-4522-9e4a-bef1e5240c58,0.0,0.3,
weekly,Offices (Lindinvent) PLAN 10,LB104-7008-TB15B1/-12,supply flow — GRUPPRUM 7008 [LB104-7008-TB15B1],l/s,Flow,0761c430-ef74-401c-81c9-d0686a245b70,0.0,0.3,
alarm,Alarm roster,BRAND.LA,Centralt Brandlarm.,alarm,AlarmMajor,68d420d0-609f-485f-b843-23b018ac90f9,0.0,0.3,
alarm,Alarm roster,BRAND.OMK.LA,Brandstyrning förbikopplad via omk,alarm,AlarmMajor,9fe30141-bc5d-43ad-95bb-b19b228ac273,0.0,0.3,
alarm,Alarm roster,LB733.FRY.LA,Utlöst frysvakt,alarm,AlarmMinor,0c08823d-f80b-475f-a392-7fb44b75a9ea,0.0,0.3,
alarm,Alarm roster,LB72_2.VVX.LA,LB72:2-VVX Summalarm,alarm,AlarmMajor,c0d1aade-a9e0-44f5-8f41-cc6e079773cc,0.0,0.4,
alarm,Alarm roster,LB72_2.UV40.LA,LB72:2-UV40 Summalarm,alarm,AlarmMajor,178a327e-83de-4d3f-a144-312953f58f4d,0.0,0.4,
alarm,Alarm roster,LB72_2.TF1.LA,LB72:2-TF1 Driftfel,alarm,AlarmMinor,971daa55-a8fb-4a58-a6f8-6c7e03655189,0.0,0.4,
weekly,Alarm roster,LB72_2.FF1.LA,LB72:2-FF1 Driftfel,alarm,AlarmMinor,828915a1-f8ec-4720-aa18-c8a22cc46333,0.0,0.4,
weekly,Alarm roster,LB72_2.VERK.LA,LB72:2-VVX Låg verkningsgrad,alarm,AlarmMinor,03d402f5-36e7-44d8-acc0-668f2158515f,0.0,0.4,
alarm,Alarm roster,LB733.TF01.LA,Driftfel,alarm,AlarmMinor,3da841dc-8d5a-4839-aa2f-0e8d7904ac0c,0.0,0.3,
weekly,Alarm roster,LB733.FF01.LA,Driftfel,alarm,AlarmMinor,ca7d5ce6-ba8f-487a-824c-3549facf6a87,0.0,0.3,
weekly,Alarm roster,LB733.CGS90.SLA,ummalarm,alarm,AlarmMajor,9dae5b3e-4ef4-4c3c-ba9f-42fbbcecc75b,0.0,0.3,
weekly,Alarm roster,LB121.UV40.LA,LB12:1-UV40 Summalarm,alarm,AlarmMajor,c767a559-da68-4519-a30d-3d795469a6ae,0.0,0.4,
weekly,Alarm roster,LB122.UV40.LA,LB12:2-UV40 Summalarm,alarm,AlarmMajor,ce1c7985-212a-4de1-97ac-c9f75f22f51c,0.0,0.4,
alarm,Alarm roster,LB731.ECONET.SLA.LA,LB73:1 Econet Summalarm A,alarm,AlarmMajor,9a54cfd8-261d-4937-9a4b-c43dec68d774,0.0,0.4,
alarm,Alarm roster,KB12.P30AB.LA,KB12-P30A & B Driftfel,alarm,AlarmMinor,9709bdbf-7503-4864-8df7-53b1c6bedda4,0.0,0.3,
weekly,Alarm roster,KB12.P30A.SLA,KB12-P30A Summalarm,alarm,AlarmMajor,2d57e444-0aa8-4458-b865-6cf5f4300dc6,0.0,0.3,
weekly,Alarm roster,KB12.P30B.SLA,KB12-P30B Summalarm,alarm,AlarmMajor,28d286cc-857a-4568-8301-dd1bed3db642,0.0,0.3,
alarm,Alarm roster,VKA12.KK1.SLA,VKA12-KK1 Summalarm,alarm,AlarmMajor,c93123ec-9d69-4ea6-9bcf-33b2458dc09c,0.0,0.3,
alarm,Alarm roster,VKA12.KK2.SLA,VKA12-KK2 Summalarm,alarm,AlarmMajor,d3c97bed-0fa6-4b5a-a9a3-3b8ae95fc8f3,0.0,0.4,
alarm,Alarm roster,VKA12.KK1.NODK.LA,VKA12-KK1 Nödkyla aktiv,alarm,AlarmMinor,cff863b8-3626-49e0-aa3e-6511fa13c35c,0.0,0.3,
alarm,Alarm roster,VKA12.KK2.NODK.LA,VKA12-KK2 Nödkyla aktiv,alarm,AlarmMinor,c33d808f-fb3b-4c3e-a5b4-01e696654e87,0.0,0.3,
alarm,Alarm roster,FA12.KK1.SLA,FA12-KK1 Summalarm,alarm,AlarmMajor,4feb8c54-a132-4f7a-aa55-fa072c853de1,0.0,0.3,
alarm,Alarm roster,FA12.KK1.NODK.LA,FA12-KK1 Nödkyla aktiv,alarm,AlarmMinor,c816f63b-6605-4371-b246-9c2ec7d1721c,0.0,0.3,
alarm,Alarm roster,KM1.P30AB.LA,KM1-P30A och P30B Driftfel,alarm,AlarmMinor,df88a95d-8b2c-4aff-8e9a-53a26b427fcd,0.0,0.4,
weekly,Alarm roster,KM1.KEM.SLA,Summalarm Kemanläggning,alarm,AlarmMajor,3ddad857-4fa9-453a-9184-0544b82fc266,0.0,0.4,
weekly,Alarm roster,VS1.P90.SLA,VS1-P90 Summalarm,alarm,AlarmMajor,9e9b2089-2673-4939-a14e-44ac44ecfc2f,0.0,0.4,
alarm,Alarm roster,VS1.V_DUMP.LA,Risk för värmedumpning VS1 mot KM1,alarm,AlarmMinor,973d2afe-b399-42e2-ac69-677cc57a4240,0.0,0.4,
weekly,Alarm roster,VKA1.SEK.LA,Regl. handstyrd,alarm,AlarmMinor,4da1d2cd-869b-4fb6-ac4a-7fd0d9395b31,0.0,0.4,
weekly,Alarm roster,VKA2.SEK.LA,Regl. handstyrd,alarm,AlarmMinor,eb89e568-fba2-4148-987a-c52ff50b1b61,0.0,0.4,
weekly,Alarm roster,VKA3.UV32.SLA,Summalarm omformare,alarm,AlarmMajor,6b289049-18d3-459a-a126-52587ed39fe3,0.0,0.4,
weekly,Alarm roster,AS65.MSK.LA,Utlöst motorsk./dvärgbr. i AS,alarm,AlarmMinor,00fd68f0-b226-4492-92e1-2d50ad74fe35,0.0,0.4,
weekly,Alarm roster,LB13.TF1.LA,m,alarm,AlarmMinor,0c56c863-efb1-4082-b820-71c3c9c32708,0.0,0.3,
weekly,Alarm roster,LB13.GT80.LA,m,alarm,AlarmMinor,4808184c-9f19-4fdc-93bc-e2fa16a19bdc,0.0,0.4,
rotation-mon,Rotation PLAN 9,LB91-6196-HD108/9070,room temp — MÖTE 6196,degC,Temperature,45019f88-fe44-4737-a96c-753ba9955da8,22.3,0.3,
rotation-mon,Rotation PLAN 9,LB91-6196-HD108/8006,setpoint — MÖTE 6196,degC,CapabilityTypeSetpoint,7e78273c-c0a5-488d-8bb2-f242c01fd36f,22.5,0.3,
rotation-tue,Rotation PLAN 8,LB82-5182-VFD101/9070,room temp — PAUSYTA 5182,degC,Temperature,4051d586-6d99-4e84-b965-02092c7d6226,23.0,0.3,
rotation-tue,Rotation PLAN 8,LB82-5182-VFD101/8006,setpoint — PAUSYTA 5182,degC,CapabilityTypeSetpoint,83154cd6-e5f7-4ecc-8cc2-13122900c3c3,22.0,0.3,
rotation-wed,Rotation PLAN 8,LB83-5160E-VFD101/9070,room temp — PASSAGE 5160A,degC,Temperature,810f39e0-a505-4717-b5cf-420b61d1ce77,23.7,0.3,
rotation-wed,Rotation PLAN 8,LB83-5160E-VFD101/8006,setpoint — PASSAGE 5160A,degC,CapabilityTypeSetpoint,d805d46e-63a7-4df1-9bdc-de24948fe776,22.5,0.3,
rotation-thu,Rotation PLAN 9,LB91-6190-TD401/9070,room temp — KONTOR 6190,degC,Temperature,3693bf2f-5196-42ab-9e16-40cf588f1c95,22.2,0.3,
rotation-thu,Rotation PLAN 9,LB91-6190-TD401/8006,setpoint — KONTOR 6190,degC,CapabilityTypeSetpoint,75c190df-d859-4beb-b19c-d12e2d775aa8,22.5,0.3,
rotation-fri,Rotation PLAN 10,LB104-7011-TB15B5/9070,room temp — KOPIERING 7011,degC,Temperature,255ef245-78e8-4872-b968-fd79ec8479bb,22.3,0.3,
rotation-fri,Rotation PLAN 10,LB104-7011-TB15B5/8006,setpoint — KOPIERING 7011,degC,CapabilityTypeSetpoint,c4992296-91d2-4e0a-a90f-0d81496450c6,22.0,0.3,
rotation-mon,Rotation PLAN 9,LB91-6191-HD106/9070,room temp — KONTOR 6191,degC,Temperature,5a7dd5e7-1e90-492f-b044-936c649134d1,21.4,0.3,
rotation-mon,Rotation PLAN 9,LB91-6191-HD106/8006,setpoint — KONTOR 6191,degC,CapabilityTypeSetpoint,37f88a7e-d9ac-4d47-a505-0e7d227184e9,21.5,0.3,
rotation-tue,Rotation PLAN 8,LB82-5186-VFD104/9070,room temp — MÖTE 5186,degC,Temperature,5695dbb9-a312-4e71-a189-9a87e231f941,22.0,0.3,
rotation-tue,Rotation PLAN 8,LB82-5186-VFD104/8006,setpoint — MÖTE 5186,degC,CapabilityTypeSetpoint,a2786e2d-5f49-4e97-8d97-ef8c93bcb60c,22.0,0.3,
rotation-wed,Rotation PLAN 8,LB83-5185-VFD104/9070,room temp — PASSAGE 5185,degC,Temperature,0042f41a-6a26-4cc6-a063-7e9c5cb3dadd,22.3,0.3,
rotation-wed,Rotation PLAN 8,LB83-5185-VFD104/8006,setpoint — PASSAGE 5185,degC,CapabilityTypeSetpoint,ad389b77-a047-44cd-bc22-45c6844dc703,22.0,0.3,
rotation-thu,Rotation PLAN 8,LB81-5124-VFD101/9070,room temp — ENTRÉ 5124,degC,Temperature,9cc4b49e-5ec1-4fd6-8a13-79cb58b50797,22.7,0.3,
rotation-thu,Rotation PLAN 8,LB81-5124-VFD101/8006,setpoint — ENTRÉ 5124,degC,CapabilityTypeSetpoint,e387e13e-e4e8-478f-8752-8ffa504d71a5,22.5,0.3,
rotation-fri,Rotation PLAN 8,LB82-5181-VFD106/9070,room temp — ÖPPET KONTOR 5181,degC,Temperature,ab6534d4-4df4-4c21-87c2-ac861b3e3412,22.1,0.3,
rotation-fri,Rotation PLAN 8,LB82-5181-VFD106/8006,setpoint — ÖPPET KONTOR 5181,degC,CapabilityTypeSetpoint,74f46036-e423-4abb-86e4-63be57d8fe34,22.0,0.3,
rotation-mon,Rotation PLAN 8,LB81-5151G-HD104/9070,room temp — ÖPPET KONTOR 5151,degC,Temperature,3f5238b5-5557-4358-8683-1b454c14e146,23.0,0.3,
rotation-mon,Rotation PLAN 8,LB81-5151G-HD104/8006,setpoint — ÖPPET KONTOR 5151,degC,CapabilityTypeSetpoint,5f70f3cf-a822-46c5-a37c-fda120240d99,22.0,0.3,
rotation-tue,Rotation PLAN 10,LB104-7015D-TD201/9070,room temp — KONFERENS 7015,degC,Temperature,c9585e41-548a-4737-bb81-4e929303ada5,23.1,0.3,
rotation-tue,Rotation PLAN 10,LB104-7015D-TD201/8006,setpoint — KONFERENS 7015,degC,CapabilityTypeSetpoint,204edc75-bf2c-47c5-a143-8de2bb72a020,22.0,0.3,
rotation-wed,Rotation PLAN 9,LB91-KK-RUM-FLK/9070,room temp — FLÄKTRUM 6137,degC,Temperature,31c7a729-3a68-4579-b9cf-4bf9e5d553ff,22.7,0.3,
rotation-wed,Rotation PLAN 9,LB91-KK-RUM-FLK/8006,setpoint — FLÄKTRUM 6137,degC,CapabilityTypeSetpoint,95c10f31-9fa5-43b2-8050-944c5e9ca283,22.0,0.3,
rotation-thu,Rotation PLAN 8,LB83-5191-VFD101/9070,room temp — ÖPPET KONTOR 5191,degC,Temperature,5b6dde9e-d37b-41f3-a16c-74499e37532b,23.5,0.3,
rotation-thu,Rotation PLAN 8,LB83-5191-VFD101/8006,setpoint — ÖPPET KONTOR 5191,degC,CapabilityTypeSetpoint,95cf0a8d-572b-4a6b-8d02-53630f787982,22.5,0.3,
rotation-fri,Rotation PLAN 8,LB81-5151E-VFD104/9070,room temp — ÖPPET KONTOR 5151,degC,Temperature,d67b1bb5-30d0-40b6-a160-684fcc3af289,22.1,0.3,
rotation-fri,Rotation PLAN 8,LB81-5151E-VFD104/8006,setpoint — ÖPPET KONTOR 5151,degC,CapabilityTypeSetpoint,d3c108cf-46ba-49d4-b293-8fd6c9153cec,22.5,0.3,
rotation-mon,Rotation PLAN 9,LB91-6196-HD104/9070,room temp — MÖTE 6196,degC,Temperature,3765536e-8eea-40a6-87cb-df421577d5ba,21.7,0.3,
rotation-mon,Rotation PLAN 9,LB91-6196-HD104/8006,setpoint — MÖTE 6196,degC,CapabilityTypeSetpoint,79672065-e545-4a7f-b598-e4e71581fe4d,22.5,0.3,
rotation-tue,Rotation PLAN 8,LB81-5154-TD401/9070,room temp — PAUSYTA 5154,degC,Temperature,2789173d-91c7-4f52-95f8-0fd1d00b1043,20.9,0.3,
rotation-tue,Rotation PLAN 8,LB81-5154-TD401/8006,setpoint — PAUSYTA 5154,degC,CapabilityTypeSetpoint,c8695d9e-b37f-4794-bc46-a77e211991e8,22.5,0.3,
rotation-wed,Rotation PLAN 8,LB83-5160C-VFD101/9070,room temp — KONTOR 5160C,degC,Temperature,95357ec2-1052-4ee7-8640-9a30c16314a2,23.7,0.3,
rotation-wed,Rotation PLAN 8,LB83-5160C-VFD101/8006,setpoint — KONTOR 5160C,degC,CapabilityTypeSetpoint,019e8337-77ef-4ae5-a535-1accfb850b69,22.5,0.3,
rotation-thu,Rotation PLAN 8,LB81-5124-VFD102/9070,room temp — ENTRÉ 5124,degC,Temperature,7700a5b1-4372-4565-a13b-d80f802da722,22.7,0.3,
rotation-thu,Rotation PLAN 8,LB81-5124-VFD102/8006,setpoint — ENTRÉ 5124,degC,CapabilityTypeSetpoint,0a12f36a-2870-44ee-9a0c-a1a44829d7f0,22.5,0.3,
rotation-fri,Rotation PLAN 8,LB81-5151G-HD102/9070,room temp — ÖPPET KONTOR 5151,degC,Temperature,0d7a2365-ad59-4d2b-b98a-a38e0462238a,22.8,0.3,
rotation-fri,Rotation PLAN 8,LB81-5151G-HD102/8006,setpoint — ÖPPET KONTOR 5151,degC,CapabilityTypeSetpoint,7823fea3-0627-4ea8-aaeb-b92f20d00aff,22.5,0.3,
rotation-mon,Rotation PLAN 8,LB81-5125-VFD103/9070,"room temp — VR-RUM/KONFERENS, 12p 5125",degC,Temperature,2788c2d9-c261-48fb-9417-b579e4e98531,22.3,0.3,
rotation-mon,Rotation PLAN 8,LB81-5125-VFD103/8006,"setpoint — VR-RUM/KONFERENS, 12p 5125",degC,CapabilityTypeSetpoint,6dd4b347-9286-411b-a219-97386095e1ad,22.5,0.3,
rotation-tue,Rotation PLAN 8,LB81-5152A-VFD101/9070,room temp — ÖPPET KONTOR 5152,degC,Temperature,f3140a6a-0613-4360-a8b5-ccb0c5ee28f7,21.5,0.3,
rotation-tue,Rotation PLAN 8,LB81-5152A-VFD101/8006,setpoint — ÖPPET KONTOR 5152,degC,CapabilityTypeSetpoint,134188b6-52bb-4922-93c3-8abbeb17363d,22.0,0.3,
rotation-wed,Rotation PLAN 9,LB91-6191-HD102/9070,room temp — KONTOR 6191,degC,Temperature,5610ed10-409b-4a53-91c1-708157814722,22.2,0.3,
rotation-wed,Rotation PLAN 9,LB91-6191-HD102/8006,setpoint — KONTOR 6191,degC,CapabilityTypeSetpoint,0e561919-d3c1-46a2-bf3c-0280849740ac,22.5,0.3,
rotation-thu,Rotation PLAN 8,LB82-5186-VFD101/9070,room temp — MÖTE 5186,degC,Temperature,269048e2-2bd0-4cf9-b173-126531c833d4,22.0,0.3,
rotation-thu,Rotation PLAN 8,LB82-5186-VFD101/8006,setpoint — MÖTE 5186,degC,CapabilityTypeSetpoint,571e0fa2-57ee-4861-83c6-0361514753da,22.0,0.3,
rotation-fri,Rotation PLAN 8,LB81-5151F-HD104/9070,room temp — ÖPPET KONTOR 5151,degC,Temperature,243e73a3-8579-4693-8acf-451e6c5d96d0,22.6,0.3,
rotation-fri,Rotation PLAN 8,LB81-5151F-HD104/8006,setpoint — ÖPPET KONTOR 5151,degC,CapabilityTypeSetpoint,e5bb898d-39cb-4e39-b57e-64f590a69341,22.0,0.3,
rotation-mon,Rotation PLAN 8,LB83-5191-VFD103/9070,room temp — ÖPPET KONTOR 5191,degC,Temperature,14ff8101-cc83-4548-b0e3-ecfa222bf534,23.0,0.3,
rotation-mon,Rotation PLAN 8,LB83-5191-VFD103/8006,setpoint — ÖPPET KONTOR 5191,degC,CapabilityTypeSetpoint,5458d567-af46-45b1-b564-b3c3a94ab024,22.5,0.3,
rotation-tue,Rotation PLAN 8,LB81-5125-TD401/9070,"room temp — VR-RUM/KONFERENS, 12p 5125",degC,Temperature,d136fb1b-2c67-4892-9bf8-bcc0de3e7bfe,22.3,0.3,
rotation-tue,Rotation PLAN 8,LB81-5125-TD401/8006,"setpoint — VR-RUM/KONFERENS, 12p 5125",degC,CapabilityTypeSetpoint,f6a7acfc-5ca2-4137-bcef-196caa5d8fd4,22.5,0.3,
rotation-wed,Rotation PLAN 9,LB91-6197-HD101/9070,room temp — MÖTE 6197,degC,Temperature,bdea6334-299a-447c-a544-d31c2fc81915,22.9,0.3,
rotation-wed,Rotation PLAN 9,LB91-6197-HD101/8006,setpoint — MÖTE 6197,degC,CapabilityTypeSetpoint,41f69308-9d4e-40e7-b053-3c71d8d6f34b,22.0,0.3,
rotation-thu,Rotation PLAN 10,LB104-7027-TD202/9070,room temp — KOPIERING/FRD. 7027,degC,Temperature,ca21cecc-0282-477a-8da8-370e162df64c,22.8,0.3,
rotation-thu,Rotation PLAN 10,LB104-7027-TD202/8006,setpoint — KOPIERING/FRD. 7027,degC,CapabilityTypeSetpoint,2dbbcd2e-eb94-48f4-9bd5-f78d13a870bc,22.0,0.3,
rotation-fri,Rotation PLAN 10,LB104-7010-TB15A3/9070,room temp — GRUPPRUM 7010,degC,Temperature,0d3f5708-483b-4de8-af83-3e546671fad9,22.0,0.3,
rotation-fri,Rotation PLAN 10,LB104-7010-TB15A3/8006,setpoint — GRUPPRUM 7010,degC,CapabilityTypeSetpoint,120b73fc-7bcc-4b6d-962b-10689badff01,21.0,0.3,
rotation-mon,Rotation PLAN 10,LB104-7011-TB15B7/9070,room temp — KOPIERING 7011,degC,Temperature,9d3d1dfc-81e1-4a96-a526-2be731a7b124,22.1,0.3,
rotation-mon,Rotation PLAN 10,LB104-7011-TB15B7/8006,setpoint — KOPIERING 7011,degC,CapabilityTypeSetpoint,28109fcb-4092-4a0b-bb6f-2d13f2ef1c10,22.0,0.3,
rotation-tue,Rotation PLAN 9,LB91-6191-HD104/9070,room temp — KONTOR 6191,degC,Temperature,215ea7b2-5477-45a2-8cc6-f3607157a1bd,21.4,0.3,
rotation-tue,Rotation PLAN 9,LB91-6191-HD104/8006,setpoint — KONTOR 6191,degC,CapabilityTypeSetpoint,472f4ad9-6da6-4a81-aac7-1e657708dc2e,21.5,0.3,
rotation-wed,Rotation PLAN 8,LB82-5181-VFD105/9070,room temp — ÖPPET KONTOR 5181,degC,Temperature,c4d16376-679e-4b55-8425-3b9db06e2994,22.0,0.3,
rotation-wed,Rotation PLAN 8,LB82-5181-VFD105/8006,setpoint — ÖPPET KONTOR 5181,degC,CapabilityTypeSetpoint,47ae4181-3087-42f7-9c0a-fdf710cab54b,22.0,0.3,
rotation-thu,Rotation PLAN 10,LB104-7027-TB15B3/9070,room temp — KOPIERING/FRD. 7027,degC,Temperature,58c900e7-ff5a-4a3d-b64b-4e8408bd0e25,22.9,0.3,
rotation-thu,Rotation PLAN 10,LB104-7027-TB15B3/8006,setpoint — KOPIERING/FRD. 7027,degC,CapabilityTypeSetpoint,ba001355-257c-4a32-b998-5724a6921d06,22.0,0.3,
rotation-fri,Rotation PLAN 8,LB81-5152J-HD101/9070,room temp — ÖPPET KONTOR 5152,degC,Temperature,efc6574f-097e-4082-963e-e74ad6e982c9,22.4,0.3,
rotation-fri,Rotation PLAN 8,LB81-5152J-HD101/8006,setpoint — ÖPPET KONTOR 5152,degC,CapabilityTypeSetpoint,4a47564e-757a-4e28-b8cc-54529f2690a8,22.0,0.3,
rotation-mon,Rotation PLAN 10,LB104-7010-TB15B2/9070,room temp — GRUPPRUM 7010,degC,Temperature,d4369fa1-c2de-4ca2-b790-122d2ef86b43,22.0,0.3,
rotation-mon,Rotation PLAN 10,LB104-7010-TB15B2/8006,setpoint — GRUPPRUM 7010,degC,CapabilityTypeSetpoint,645613c5-7a9b-41ee-a3ce-e7c5c50307ab,22.0,0.3,
rotation-tue,Rotation PLAN 9,LB91-6196-HD103/9070,room temp — MÖTE 6196,degC,Temperature,9196b8ba-8fcb-4286-8e80-c81638a8e0db,21.6,0.3,
rotation-tue,Rotation PLAN 9,LB91-6196-HD103/8006,setpoint — MÖTE 6196,degC,CapabilityTypeSetpoint,e430dbdb-a0b2-4813-b85d-e7ffeb000f1c,22.5,0.3,
rotation-wed,Rotation PLAN 8,LB83-5190-VFD103/9070,room temp — ÖPPET KONTOR 5190,degC,Temperature,37f85168-8525-40fc-a147-6bafcb171640,23.2,0.3,
rotation-wed,Rotation PLAN 8,LB83-5190-VFD103/8006,setpoint — ÖPPET KONTOR 5190,degC,CapabilityTypeSetpoint,aa4ee318-1bf1-421a-9c41-fd495081f08d,22.5,0.3,
rotation-thu,Rotation PLAN 8,LB83-5192-VFD102/9070,room temp — ÖPPET KONTOR 5192,degC,Temperature,2b14e039-e3b3-492d-8894-27280d8834c9,22.6,0.3,
rotation-thu,Rotation PLAN 8,LB83-5192-VFD102/8006,setpoint — ÖPPET KONTOR 5192,degC,CapabilityTypeSetpoint,f352518d-21ed-4d37-abb6-faf3009e1f59,23.0,0.3,
rotation-fri,Rotation PLAN 10,LB104-7011-TB15A6/9070,room temp — KOPIERING 7011,degC,Temperature,bc37c100-c32c-4aed-88e2-47481e622886,22.1,0.3,
rotation-fri,Rotation PLAN 10,LB104-7011-TB15A6/8006,setpoint — KOPIERING 7011,degC,CapabilityTypeSetpoint,13215429-a859-4084-a307-12892405cfea,22.0,0.3,
rotation-mon,Rotation PLAN 8,LB81-5151K-TD401/9070,room temp — ÖPPET KONTOR 5151,degC,Temperature,f28d1d37-e2de-46a7-894a-d425a07b0111,22.4,0.3,
rotation-mon,Rotation PLAN 8,LB81-5151K-TD401/8006,setpoint — ÖPPET KONTOR 5151,degC,CapabilityTypeSetpoint,c4ce83c1-b64d-4779-82ff-7d35255c533a,22.5,0.3,
rotation-tue,Rotation PLAN 10,LB104-7011-TB15B2/9070,room temp — KOPIERING 7011,degC,Temperature,2b45ec72-c74d-4949-8121-af4cf4be5e32,22.3,0.3,
rotation-tue,Rotation PLAN 10,LB104-7011-TB15B2/8006,setpoint — KOPIERING 7011,degC,CapabilityTypeSetpoint,59e260cb-59de-4681-9755-baed79c72e39,22.0,0.3,
rotation-wed,Rotation PLAN 9,LB91-6196-HD101/9070,room temp — MÖTE 6196,degC,Temperature,dc3fe2f5-20db-41c3-bb1f-891a2ad7d5eb,21.7,0.3,
rotation-wed,Rotation PLAN 9,LB91-6196-HD101/8006,setpoint — MÖTE 6196,degC,CapabilityTypeSetpoint,4ec4c5a8-98ed-4639-bfbd-cba08e7cb1eb,22.5,0.3,
rotation-thu,Rotation PLAN 8,LB83-5160-VFD102/9070,room temp — PASSAGE 5160A,degC,Temperature,2bbbfa03-f08b-4976-af83-76dd83268dee,23.7,0.3,
rotation-thu,Rotation PLAN 8,LB83-5160-VFD102/8006,setpoint — PASSAGE 5160A,degC,CapabilityTypeSetpoint,3d0e0926-d77c-4e2e-80bd-b6a3114fb667,22.5,0.3,
rotation-fri,Rotation PLAN 10,LB104-7027-TB15B2/9070,room temp — KOPIERING/FRD. 7027,degC,Temperature,2158f9df-cf2d-44d6-930f-da6ad31218ba,22.8,0.3,
rotation-fri,Rotation PLAN 10,LB104-7027-TB15B2/8006,setpoint — KOPIERING/FRD. 7027,degC,CapabilityTypeSetpoint,e8ffde30-fb27-4254-8805-7f50837cfb35,22.0,0.3,
rotation-mon,Rotation PLAN 8,LB81-5151E-VFD105/9070,room temp — ÖPPET KONTOR 5151,degC,Temperature,c4afbcdc-8a0e-4e8b-a4d6-9c3b649f46ea,22.1,0.3,
rotation-mon,Rotation PLAN 8,LB81-5151E-VFD105/8006,setpoint — ÖPPET KONTOR 5151,degC,CapabilityTypeSetpoint,1cc12acb-be05-4823-9b0e-29847e49cde0,22.0,0.3,
rotation-tue,Rotation PLAN 8,LB83-5190-VFD106/9070,room temp — ÖPPET KONTOR 5190,degC,Temperature,7226788f-a37b-4c99-a8dc-0a384b2f4bef,23.0,0.3,
rotation-tue,Rotation PLAN 8,LB83-5190-VFD106/8006,setpoint — ÖPPET KONTOR 5190,degC,CapabilityTypeSetpoint,b534c743-35fd-415f-a662-2d072bbf8a76,22.5,0.3,
rotation-wed,Rotation PLAN 9,LB91-6195-HD103/9070,room temp — MÖTE 6195,degC,Temperature,22c50a3e-7461-466e-a44c-1ec3f43b8282,21.4,0.3,
rotation-wed,Rotation PLAN 9,LB91-6195-HD103/8006,setpoint — MÖTE 6195,degC,CapabilityTypeSetpoint,9705ae10-0433-4944-b52e-4916b50aa647,22.5,0.3,
rotation-thu,Rotation PLAN 8,LB83-5185-VFD105/9070,room temp — PASSAGE 5185,degC,Temperature,4618e562-5533-4490-8ef4-11835aab3f00,22.1,0.3,
rotation-thu,Rotation PLAN 8,LB83-5185-VFD105/8006,setpoint — PASSAGE 5185,degC,CapabilityTypeSetpoint,c1b77704-e66d-4b04-8f29-c82443759f90,22.0,0.3,
rotation-fri,Rotation PLAN 10,LB104-7010-TB15B4/9070,room temp — GRUPPRUM 7010,degC,Temperature,8e5d6f5e-b747-4d1f-a4b9-af1d4bc11de4,22.0,0.3,
rotation-fri,Rotation PLAN 10,LB104-7010-TB15B4/8006,setpoint — GRUPPRUM 7010,degC,CapabilityTypeSetpoint,984def52-0d16-4543-80da-3fb8c09c630f,22.0,0.3,
rotation-mon,Rotation PLAN 10,LB104-7012-TB15B3/9070,room temp — KONTOR 7012,degC,Temperature,c990f56d-2456-497b-a680-aab212965037,22.1,0.3,
rotation-mon,Rotation PLAN 10,LB104-7012-TB15B3/8006,setpoint — KONTOR 7012,degC,CapabilityTypeSetpoint,9a1b3ebe-cb4a-43a3-b655-25b4509b7d8c,22.0,0.3,
rotation-tue,Rotation PLAN 9,LB91-6197-VFD101/9070,room temp — MÖTE 6197,degC,Temperature,3f96a125-6022-46a1-b1c7-488ce9c209eb,22.9,0.3,
rotation-tue,Rotation PLAN 9,LB91-6197-VFD101/8006,setpoint — MÖTE 6197,degC,CapabilityTypeSetpoint,a754476d-d041-49a6-8746-346d5ae7dcb8,22.0,0.3,
rotation-wed,Rotation PLAN 10,LB104-7006-TB15B1/9070,room temp — KONTOR 7006,degC,Temperature,e1b8f7ee-46b0-4c8c-bc3f-3aed56c2ddd9,21.7,0.3,
rotation-wed,Rotation PLAN 10,LB104-7006-TB15B1/8006,setpoint — KONTOR 7006,degC,CapabilityTypeSetpoint,36c4f894-484d-4b01-86e2-e2970c74bdce,21.0,0.3,
rotation-thu,Rotation PLAN 10,LB104-7011-TB15B1/9070,room temp — KOPIERING 7011,degC,Temperature,e8018977-3c0c-49d3-8b77-f6dc160eb2f4,22.3,0.3,
rotation-thu,Rotation PLAN 10,LB104-7011-TB15B1/8006,setpoint — KOPIERING 7011,degC,CapabilityTypeSetpoint,fb843aba-585e-438a-a6a0-bc14d7891ce0,22.0,0.3,
rotation-fri,Rotation PLAN 8,LB81-5130-VFD102/9070,room temp — STORKONTOR 5130,degC,Temperature,5cd26303-0580-424c-b73e-85b58eb429e4,22.7,0.3,
rotation-fri,Rotation PLAN 8,LB81-5130-VFD102/8006,setpoint — STORKONTOR 5130,degC,CapabilityTypeSetpoint,7721d97e-f04d-43f2-aa0e-c057328cbb43,22.0,0.3,
rotation-mon,Rotation PLAN 10,LB104-7012-TB15B1/9070,room temp — KONTOR 7012,degC,Temperature,229c3d3a-f9ec-4d40-945c-92f055f2bd41,22.1,0.3,
rotation-mon,Rotation PLAN 10,LB104-7012-TB15B1/8006,setpoint — KONTOR 7012,degC,CapabilityTypeSetpoint,62e600f6-f6aa-4a24-8b71-8082d0a9afde,22.0,0.3,
rotation-tue,Rotation PLAN 8,LB81-5152A-HD103/9070,room temp — ÖPPET KONTOR 5152,degC,Temperature,c77cb058-e2d8-48b6-bbc8-aa89d3453c4c,21.8,0.3,
rotation-tue,Rotation PLAN 8,LB81-5152A-HD103/8006,setpoint — ÖPPET KONTOR 5152,degC,CapabilityTypeSetpoint,8ee46f5c-8e09-47fb-ae37-de82aad63ed3,22.0,0.3,
rotation-wed,Rotation PLAN 8,LB81-5152H-HD102/9070,room temp — ÖPPET KONTOR 5152,degC,Temperature,6bc55324-1a5c-4873-8a11-7ad949000538,21.8,0.3,
rotation-wed,Rotation PLAN 8,LB81-5152H-HD102/8006,setpoint — ÖPPET KONTOR 5152,degC,CapabilityTypeSetpoint,19ba60cb-0358-4dd4-86b6-aa21535de0f6,22.0,0.3,
rotation-thu,Rotation PLAN 10,LB104-7011-TB15B3/9070,room temp — KOPIERING 7011,degC,Temperature,143a3b74-c606-4b1c-b6dc-14ed40d585d8,22.3,0.3,
rotation-thu,Rotation PLAN 10,LB104-7011-TB15B3/8006,setpoint — KOPIERING 7011,degC,CapabilityTypeSetpoint,fb9c7eeb-cb22-4f6d-9ee8-eccfffa5336e,22.0,0.3,
rotation-fri,Rotation PLAN 9,LB91-6191-HD105/9070,room temp — KONTOR 6191,degC,Temperature,334a6094-b171-49af-991e-3ddcc8c4767a,21.4,0.3,
rotation-fri,Rotation PLAN 9,LB91-6191-HD105/8006,setpoint — KONTOR 6191,degC,CapabilityTypeSetpoint,22c3bcfa-c5fb-4151-9800-81bd00e6fe95,23.0,0.3,
weekly,Rotation PLAN 8,LB81-5151B-TD401/9070,room temp — ÖPPET KONTOR 5151,degC,Temperature,b9e254b3-48eb-4ada-9c77-eb5994ddba0e,22.7,0.3,
weekly,Rotation PLAN 8,LB81-5151B-TD401/8006,setpoint — ÖPPET KONTOR 5151,degC,CapabilityTypeSetpoint,d2db8415-efb0-4163-a852-f53281801ebf,22.0,0.3,
weekly,Rotation PLAN 8,LB81-5151F-HD101/9070,room temp — ÖPPET KONTOR 5151,degC,Temperature,d74af3bd-db27-4177-8ea5-f8c00cb6a286,22.5,0.3,
weekly,Rotation PLAN 8,LB81-5151F-HD101/8006,setpoint — ÖPPET KONTOR 5151,degC,CapabilityTypeSetpoint,95392c1d-8908-477b-a195-ff444ff40767,22.0,0.3,
weekly,Rotation PLAN 9,LB91-6191-HD107/9070,room temp — KONTOR 6191,degC,Temperature,f4cbc71f-33dd-4551-abfa-094beb22bc43,21.4,0.3,
weekly,Rotation PLAN 9,LB91-6191-HD107/8006,setpoint — KONTOR 6191,degC,CapabilityTypeSetpoint,7d78393f-91e8-472d-abfe-03551ae6786f,22.5,0.3,
weekly,Rotation PLAN 10,LB104-7027-TB15B1/9070,room temp — KOPIERING/FRD. 7027,degC,Temperature,9485d02d-c4c2-44c7-9927-805480324760,22.8,0.3,
weekly,Rotation PLAN 10,LB104-7027-TB15B1/8006,setpoint — KOPIERING/FRD. 7027,degC,CapabilityTypeSetpoint,3fda14f0-8a7e-4c77-bd75-d2aabc6e9aa2,22.0,0.3,
weekly,Rotation PLAN 8,LB81-5152C-VFD101/9070,room temp — ÖPPET KONTOR 5152,degC,Temperature,77b3e914-d93f-42c1-9229-5ef17ae3ab8b,21.3,0.3,
weekly,Rotation PLAN 8,LB81-5152C-VFD101/8006,setpoint — ÖPPET KONTOR 5152,degC,CapabilityTypeSetpoint,2c13ac55-c7d9-4adc-b345-3c29cefc79d1,22.5,0.3,
weekly,Rotation PLAN 9,LB91-6195-TD402/9070,room temp — MÖTE 6195,degC,Temperature,7299b3ee-1408-4832-b676-b391062b4ce0,22.4,0.3,
weekly,Rotation PLAN 9,LB91-6195-TD402/8006,setpoint — MÖTE 6195,degC,CapabilityTypeSetpoint,cb62cbcd-9712-404d-8811-017825b3967b,22.0,0.3,
weekly,Rotation PLAN 10,LB104-7027-TB15A6/9070,room temp — KOPIERING/FRD. 7027,degC,Temperature,a6b8fde8-4b5d-4b34-897b-920c89daedeb,23.0,0.3,
weekly,Rotation PLAN 10,LB104-7027-TB15A6/8006,setpoint — KOPIERING/FRD. 7027,degC,CapabilityTypeSetpoint,2fde45a8-0969-4a84-be07-018f49492de8,22.0,0.3,
weekly,Rotation PLAN 8,LB81-5152C-VFD102/9070,room temp — ÖPPET KONTOR 5152,degC,Temperature,720da3d5-9231-420e-b4a3-e3d8e22bfc6b,21.3,0.3,
weekly,Rotation PLAN 8,LB81-5152C-VFD102/8006,setpoint — ÖPPET KONTOR 5152,degC,CapabilityTypeSetpoint,084da736-f1ee-48f8-9f52-e34a50b43a0e,22.5,0.3,
weekly,Rotation PLAN 8,LB81-5150-HD102/9070,room temp — KONFERENS 5150,degC,Temperature,1ee49a26-0b90-40da-87a5-9757cd260e65,22.6,0.3,
weekly,Rotation PLAN 8,LB81-5150-HD102/8006,setpoint — KONFERENS 5150,degC,CapabilityTypeSetpoint,5587459c-0e52-4c5c-9522-b0741ee81e12,22.0,0.3,
weekly,Rotation PLAN 9,LB91-6189-TD401/9070,room temp — KOP/PRINT 6189,degC,Temperature,a6cd982b-81a1-40a4-b250-f74da6903748,20.9,0.3,
weekly,Rotation PLAN 9,LB91-6189-TD401/8006,setpoint — KOP/PRINT 6189,degC,CapabilityTypeSetpoint,66090e09-c919-4d5d-865c-4eb9a4de9eac,22.5,0.3,
weekly,Rotation PLAN 10,LB104-7007-TB15B1/9070,room temp — KONTOR 7007,degC,Temperature,8fe32257-42f7-42be-bbf0-6c557078b6c2,22.6,0.3,
weekly,Rotation PLAN 10,LB104-7007-TB15B1/8006,setpoint — KONTOR 7007,degC,CapabilityTypeSetpoint,6c4c61d5-6f63-4e3d-97a8-8b4abc881c72,22.0,0.3,
weekly,Rotation PLAN 9,LB91-6194-TD401/9070,room temp — MÖTE 6194,degC,Temperature,7a3919cf-66e1-46a6-a14f-01ce33db196b,21.4,0.3,
weekly,Rotation PLAN 9,LB91-6194-TD401/8006,setpoint — MÖTE 6194,degC,CapabilityTypeSetpoint,dbe7bf4a-eb4b-4124-ade6-18739593752d,21.0,0.3,
weekly,Rotation PLAN 8,LB82-5164-VFD101/9070,room temp — TELE 5164,degC,Temperature,6a166b5c-7c5c-47cf-a754-9a931033176c,23.3,0.3,
weekly,Rotation PLAN 8,LB82-5164-VFD101/8006,setpoint — TELE 5164,degC,CapabilityTypeSetpoint,78628ae5-b2c3-4530-a9a7-9d83ebddb7a4,19.0,0.3,
weekly,Rotation PLAN 9,LB91-6196-TD401/9070,room temp — MÖTE 6196,degC,Temperature,caa14b35-ec01-44ca-9c4d-f88469d5f9dc,21.7,0.3,
weekly,Rotation PLAN 9,LB91-6196-TD401/8006,setpoint — MÖTE 6196,degC,CapabilityTypeSetpoint,c712c234-528e-4dc9-8b26-d0b629df4f31,22.0,0.3,
weekly,Rotation PLAN 10,LB104-7012-TB15B4/9070,room temp — KONTOR 7012,degC,Temperature,d53ce5b9-181d-49ee-844a-d8eb640665ee,22.1,0.3,
weekly,Rotation PLAN 10,LB104-7012-TB15B4/8006,setpoint — KONTOR 7012,degC,CapabilityTypeSetpoint,d857e7f0-ea3c-48c8-b624-445038c6cccd,22.0,0.3,
weekly,Rotation PLAN 9,LB91-6195-HD101/9070,room temp — MÖTE 6195,degC,Temperature,b0acc096-c3c9-47a9-86e9-5072b36e416d,21.4,0.3,
weekly,Rotation PLAN 9,LB91-6195-HD101/8006,setpoint — MÖTE 6195,degC,CapabilityTypeSetpoint,74f1755a-e72b-49a0-a2f0-8662a0c87d14,22.5,0.3,
weekly,Rotation PLAN 8,LB82-5181-VFD108/9070,room temp — ÖPPET KONTOR 5181,degC,Temperature,0afc1e9f-085e-4797-83a8-5f09f2328fb6,22.0,0.3,
weekly,Rotation PLAN 8,LB82-5181-VFD108/8006,setpoint — ÖPPET KONTOR 5181,degC,CapabilityTypeSetpoint,89efa410-f6c2-4968-839d-af3f19d1e97d,22.0,0.3,
weekly,Rotation PLAN 8,LB83-5192-VFD105/9070,room temp — ÖPPET KONTOR 5192,degC,Temperature,b8f58d80-db01-4f7e-8db0-9928175af244,21.9,0.3,
weekly,Rotation PLAN 8,LB83-5192-VFD105/8006,setpoint — ÖPPET KONTOR 5192,degC,CapabilityTypeSetpoint,6e679e98-a444-496e-9e85-cc21d9487677,23.0,0.3,
weekly,Rotation PLAN 9,LB91-6195-TD403/9070,room temp — MÖTE 6195,degC,Temperature,f0dd6e2e-4abc-464c-9880-199f5eeeb45d,22.4,0.3,
weekly,Rotation PLAN 9,LB91-6195-TD403/8006,setpoint — MÖTE 6195,degC,CapabilityTypeSetpoint,007763c9-0421-4ffe-b4fb-d3a77564e5e5,22.0,0.3,
weekly,Rotation PLAN 8,LB83-5192-HD102/9070,room temp — ÖPPET KONTOR 5192,degC,Temperature,06d14e43-cfeb-48cd-93c9-f152de81f3d3,22.6,0.3,
weekly,Rotation PLAN 8,LB83-5192-HD102/8006,setpoint — ÖPPET KONTOR 5192,degC,CapabilityTypeSetpoint,da5e02e1-1a34-4bcf-b3f7-af40ba5c2572,23.0,0.3,
monday-energy,Mestro energy (T-4d),Mestro-419518-heating-energy,"DH energy, 410 Fjärrvärme Historik",kWh,EnergyTotal,0ac48f20-1072-4dfe-aeb4-b70ee3736c97,0.0,99.3,"hourly buckets, 4 d behind"
monday-energy,Mestro energy (T-4d),Mestro-219286-electricity,"El main, 410 Ink EL Ellevio historik",kWh,ActiveEnergyTotal,75d6f1f4-8e3e-4d5d-902b-1125cd7a777c,0.0,96.3,"hourly buckets, 4 d behind"
monday-energy,Mestro energy (T-4d),Mestro-457347-electricity-energy,"El main, 410 Ink EL HANP1",kWh,ActiveEnergyTotal,920c6ccc-bd07-49d9-a017-beb5541c93cc,0.0,99.3,"hourly buckets, 4 d behind"
monday-energy,Mestro energy (T-4d),Mestro-419065-electricity-energy,El storförbrukare inkl. saluhall,kWh,ActiveEnergyTotal,f6a5ab48-a0be-49ea-85d9-a2891a99b6de,0.0,96.3,"hourly buckets, 4 d behind"
monday-energy,Mestro energy (T-4d),Mestro-219307-cooling-energy,Cooling energy KB1 saluhall,kWh,EnergyTotal,a2a94cbf-42e7-4d10-89d4-148fd2195b55,68430.812,96.3,"hourly buckets, 4 d behind"
monday-energy,Mestro energy (T-4d),Mestro-219312-cooling-energy,Cooling energy KB11 kyldiskar,kWh,EnergyTotal,0fc97d09-ecfd-40c8-91c8-ccaa218d99e5,39486.606999999996,100.3,"hourly buckets, 4 d behind"
monday-energy,Mestro energy (T-4d),Mestro-322911-electricity,"PV, 410 Solpanel",kWh,ActiveEnergyTotal,584af151-c24e-4422-90dd-134cb1976c66,132.0,102.3,"hourly buckets, 4 d behind"
monday-water,Mestro water (T-4d),Mestro-366598-coldwater,City water main SVOA 1,m3,Volume,515f7ca4-2269-4360-b6e7-442b2fbed736,0.375576,107.3,"hourly buckets, 4 d behind"
monday-water,Mestro water (T-4d),Mestro-366599-coldwater,City water main SVOA 2,m3,Volume,e82de2e2-35ea-47f1-bb48-e42ba1893bd5,3.082638,96.3,"hourly buckets, 4 d behind"
monday-water,Mestro water (T-4d),Mestro-366597-coldwater,City water main SVOA 3,m3,Volume,60790146-1f73-444f-bac0-b1ea206d616e,0.78037,102.3,"hourly buckets, 4 d behind"
monday-water,Mestro water (T-4d),Mestro-219860-coldwater,Emergency cooling water VKA12,m3,Volume,b5bca807-73f0-4ba1-8fa3-9c5709ce73d5,0.0,96.3,"hourly buckets, 4 d behind"
monday-water,Mestro water (T-4d),Mestro-219264-coldwater,Emergency cooling water Frys saluhall,m3,Volume,d52ee82d-72bc-4742-9dcc-4d44e832b571,0.002002,96.3,"hourly buckets, 4 d behind"
monday-water,Mestro water (T-4d),Mestro-219242-coldwater,Emergency cooling water VKA11:1/2,m3,Volume,1929da79-4472-4996-9243-56959c718403,0.0,96.3,"hourly buckets, 4 d behind"
monday-water,Mestro water (T-4d),Mestro-219848-coldwater,Emergency cooling water Franska Banken,m3,Volume,86bb4a29-9f88-4557-a1e9-4943230b24dd,0.0,98.3,"hourly buckets, 4 d behind"
