building,building_uuid,device,instance,point,sensor_uuid,units,tier,role,sample,note
One Summerlin (Bldg J),623a9f1d-3506-4144-b82b-ad46430e48b3,AHU-J1-9,723101,Condenser Water Entering Temperature,81bea6d9-257d-4ace-a8fe-4d1ba4f1cbe1,degF,A daily + STEP 0 probe,loop reference,78.6972,
One Summerlin (Bldg J),623a9f1d-3506-4144-b82b-ad46430e48b3,AHU-J1-9,723101,Condenser Water Leaving Temperature Active,d4e2f551-dc29-4436-a637-a7f6ef5aca18,degF,B rotation Tue,plant,78.7050,
One Summerlin (Bldg J),623a9f1d-3506-4144-b82b-ad46430e48b3,AHU-J1-9,723101,Evaporator Leaving Temperature Circuit 1,a92568c0-56c1-44f0-a072-d001d1f972e1,degF,B rotation Tue,plant,56.7636,
One Summerlin (Bldg J),623a9f1d-3506-4144-b82b-ad46430e48b3,AHU-J1-9,723101,Evaporator Leaving Temperature Circuit 2,32664ae8-a641-46ca-9ce2-fa19e29864e8,degF,B rotation Tue,plant,48.1308,
One Summerlin (Bldg J),623a9f1d-3506-4144-b82b-ad46430e48b3,AHU-J1-9,723101,Evaporator Leaving Temperature Circuit 3,e4d82141-60e0-472d-ab14-03bfde6e4e26,degF,B rotation Tue,plant,54.9472,
One Summerlin (Bldg J),623a9f1d-3506-4144-b82b-ad46430e48b3,AHU-J1-9,723101,Condensing Saturated Temperature Circuit 1,25c13048-1a79-4a35-b516-3d3096ccd035,degF,B rotation Tue,plant,78.2207,
One Summerlin (Bldg J),623a9f1d-3506-4144-b82b-ad46430e48b3,AHU-J1-9,723101,Condensing Saturated Temperature Circuit 2,42bf1cd3-06ff-4ae5-a1ec-245d14842333,degF,B rotation Tue,plant,90.9746,
One Summerlin (Bldg J),623a9f1d-3506-4144-b82b-ad46430e48b3,AHU-J1-9,723101,Condensing Saturated Temperature Circuit 3,3a1606b7-41b8-47d9-9706-d9ebe2cb96b0,degF,B rotation Tue,plant,78.3730,
One Summerlin (Bldg J),623a9f1d-3506-4144-b82b-ad46430e48b3,AHU-J1-9,723101,Space Temperature Active,7825d1ce-807b-4a45-9246-3229726100d5,degF,A daily,comfort,76.9082,
One Summerlin (Bldg J),623a9f1d-3506-4144-b82b-ad46430e48b3,AHU-J1-9,723101,Space Temperature Setpoint Active,e1e4a89a-5aee-4912-977d-20699bbfcb85,degF,profile (fetch on expansion only),comfort band centre,72.5019,
One Summerlin (Bldg J),623a9f1d-3506-4144-b82b-ad46430e48b3,AHU J2-9,723102,Condenser Water Entering Temperature,4be185ed-0ca7-4cc8-a9f0-1bdcbf6dd30a,degF,B rotation Tue,plant,77.9433,
One Summerlin (Bldg J),623a9f1d-3506-4144-b82b-ad46430e48b3,AHU J2-9,723102,Condenser Water Leaving Temperature Active,87d5645f-0757-482a-97ab-1c0dc3966b49,degF,B rotation Tue,plant,80.2519,
One Summerlin (Bldg J),623a9f1d-3506-4144-b82b-ad46430e48b3,AHU J2-9,723102,Evaporator Leaving Temperature Circuit 1,f8aec2db-5e84-43e1-a27f-7c6ba7b4554a,degF,B rotation Tue,plant,35.0957,
One Summerlin (Bldg J),623a9f1d-3506-4144-b82b-ad46430e48b3,AHU J2-9,723102,Evaporator Leaving Temperature Circuit 2,d0fdfe47-2121-4cf4-ad67-ddbea02a6025,degF,B rotation Tue,plant,61.1582,
One Summerlin (Bldg J),623a9f1d-3506-4144-b82b-ad46430e48b3,AHU J2-9,723102,Evaporator Leaving Temperature Circuit 3,c2caae5b-18e8-4858-88df-5226608d85c4,degF,B rotation Tue,plant,56.2480,
One Summerlin (Bldg J),623a9f1d-3506-4144-b82b-ad46430e48b3,AHU J2-9,723102,Condensing Saturated Temperature Circuit 1,c275f9b6-6c70-410c-834c-5eb9af96c4f8,degF,B rotation Tue,plant,95.7714,
One Summerlin (Bldg J),623a9f1d-3506-4144-b82b-ad46430e48b3,AHU J2-9,723102,Condensing Saturated Temperature Circuit 2,fb7aba03-bc58-4b10-a188-3ea4ce619ba6,degF,B rotation Tue,plant,78.5332,
One Summerlin (Bldg J),623a9f1d-3506-4144-b82b-ad46430e48b3,AHU J2-9,723102,Condensing Saturated Temperature Circuit 3,4b143829-46c7-4dde-913a-58d8775ecb18,degF,B rotation Tue,plant,76.5214,
One Summerlin (Bldg J),623a9f1d-3506-4144-b82b-ad46430e48b3,AHU J2-9,723102,Space Temperature Active,6d581cad-f06f-489b-9853-047eae0dd3a5,degF,A daily,comfort,77.0019,
One Summerlin (Bldg J),623a9f1d-3506-4144-b82b-ad46430e48b3,AHU J2-9,723102,Space Temperature Setpoint Active,1c3741db-1838-4492-9f5b-bf17b1b6628f,degF,profile (fetch on expansion only),comfort band centre,72.5019,
One Summerlin (Bldg J),623a9f1d-3506-4144-b82b-ad46430e48b3,AHU J1-8,723104,Condenser Water Entering Temperature,e69a6259-636a-4259-977e-8cd0cb94f38d,degF,B rotation Tue,plant,77.6386,
One Summerlin (Bldg J),623a9f1d-3506-4144-b82b-ad46430e48b3,AHU J1-8,723104,Condenser Water Leaving Temperature Active,a0597703-2c59-42a9-b561-1470ca5c1ada,degF,B rotation Tue,plant,79.5878,
One Summerlin (Bldg J),623a9f1d-3506-4144-b82b-ad46430e48b3,AHU J1-8,723104,Evaporator Leaving Temperature Circuit 1,316e73f0-b420-47b9-8c5f-2183f752bdcc,degF,B rotation Tue,plant,43.5605,
One Summerlin (Bldg J),623a9f1d-3506-4144-b82b-ad46430e48b3,AHU J1-8,723104,Evaporator Leaving Temperature Circuit 2,0d229e50-00a8-48bd-9ff3-d386e2056a75,degF,B rotation Tue,plant,61.7363,
One Summerlin (Bldg J),623a9f1d-3506-4144-b82b-ad46430e48b3,AHU J1-8,723104,Evaporator Leaving Temperature Circuit 3,530681dc-4c58-4880-9ade-66a124c82562,degF,B rotation Tue,plant,59.8261,
One Summerlin (Bldg J),623a9f1d-3506-4144-b82b-ad46430e48b3,AHU J1-8,723104,Condensing Saturated Temperature Circuit 1,c95a837a-b61a-4cdf-b1ed-678ba8474073,degF,B rotation Tue,plant,90.3535,
One Summerlin (Bldg J),623a9f1d-3506-4144-b82b-ad46430e48b3,AHU J1-8,723104,Condensing Saturated Temperature Circuit 2,9c2e1418-d558-471c-b924-24529d02eb7e,degF,B rotation Tue,plant,77.2558,
One Summerlin (Bldg J),623a9f1d-3506-4144-b82b-ad46430e48b3,AHU J1-8,723104,Condensing Saturated Temperature Circuit 3,1de5c754-6ca4-41ce-8412-0e46849089bb,degF,B rotation Tue,plant,77.0957,
One Summerlin (Bldg J),623a9f1d-3506-4144-b82b-ad46430e48b3,AHU J1-8,723104,Space Temperature Active,cbb1c93d-080c-4dd9-89d8-6131aecb9c75,degF,A daily,comfort,76.9160,
One Summerlin (Bldg J),623a9f1d-3506-4144-b82b-ad46430e48b3,AHU J1-8,723104,Space Temperature Setpoint Active,b9d60b3b-59e5-4d4a-ac69-6d321b5f505e,degF,profile (fetch on expansion only),comfort band centre,74.0019,
One Summerlin (Bldg J),623a9f1d-3506-4144-b82b-ad46430e48b3,AHU J2-8,723105,Condenser Water Entering Temperature,d9bdd669-5efb-4217-9d7a-35c493bf270a,degF,B rotation Wed,plant,76.8378,
One Summerlin (Bldg J),623a9f1d-3506-4144-b82b-ad46430e48b3,AHU J2-8,723105,Condenser Water Leaving Temperature Active,5dc10ad0-b5a1-40c8-8eca-a2e9bb4b275f,degF,B rotation Wed,plant,77.8886,
One Summerlin (Bldg J),623a9f1d-3506-4144-b82b-ad46430e48b3,AHU J2-8,723105,Evaporator Leaving Temperature Circuit 1,30583194-0c94-4f2f-819e-4bb8083eeb01,degF,B rotation Wed,plant,38.3613,
One Summerlin (Bldg J),623a9f1d-3506-4144-b82b-ad46430e48b3,AHU J2-8,723105,Evaporator Leaving Temperature Circuit 2,eb6afd3c-7817-408e-8213-c42623040f31,degF,B rotation Wed,plant,62.3730,
One Summerlin (Bldg J),623a9f1d-3506-4144-b82b-ad46430e48b3,AHU J2-8,723105,Evaporator Leaving Temperature Circuit 3,4a22eca0-74b0-4cd4-9a68-f67eb263a3a1,degF,B rotation Wed,plant,59.5058,
One Summerlin (Bldg J),623a9f1d-3506-4144-b82b-ad46430e48b3,AHU J2-8,723105,Condensing Saturated Temperature Circuit 1,ad65d62e-5bb7-43b5-85fd-ab8c95271195,degF,B rotation Wed,plant,90.4394,
One Summerlin (Bldg J),623a9f1d-3506-4144-b82b-ad46430e48b3,AHU J2-8,723105,Condensing Saturated Temperature Circuit 2,caf67122-e68d-45b9-bf43-9397d28bcc9b,degF,B rotation Wed,plant,76.6386,
One Summerlin (Bldg J),623a9f1d-3506-4144-b82b-ad46430e48b3,AHU J2-8,723105,Condensing Saturated Temperature Circuit 3,d6dd4508-b447-4b75-9ed1-acb38b86d435,degF,B rotation Wed,plant,75.9238,
One Summerlin (Bldg J),623a9f1d-3506-4144-b82b-ad46430e48b3,AHU J2-8,723105,Space Temperature Active,84ba38f7-6dae-46f6-a1a9-e65e8d983ebc,degF,A daily,comfort,77.0449,
One Summerlin (Bldg J),623a9f1d-3506-4144-b82b-ad46430e48b3,AHU J2-8,723105,Space Temperature Setpoint Active,f781c765-7b13-482b-9942-d9091d7f45c0,degF,profile (fetch on expansion only),comfort band centre,74.0019,
One Summerlin (Bldg J),623a9f1d-3506-4144-b82b-ad46430e48b3,AHU-J1-7,723107,Condenser Water Entering Temperature,49ccef6a-9ee4-40cb-b6a3-b32bb7ae9702,degF,B rotation Wed,plant,77.6386,
One Summerlin (Bldg J),623a9f1d-3506-4144-b82b-ad46430e48b3,AHU-J1-7,723107,Condenser Water Leaving Temperature Active,31007c00-f5bd-4712-8ba8-5e801f190bf8,degF,B rotation Wed,plant,77.5917,
One Summerlin (Bldg J),623a9f1d-3506-4144-b82b-ad46430e48b3,AHU-J1-7,723107,Evaporator Leaving Temperature Circuit 1,d279dc00-1e02-4d85-9c1c-d2cd57b01411,degF,B rotation Wed,plant,58.8691,
One Summerlin (Bldg J),623a9f1d-3506-4144-b82b-ad46430e48b3,AHU-J1-7,723107,Evaporator Leaving Temperature Circuit 2,1df7acf1-10fc-4259-9a25-8939cf158348,degF,B rotation Wed,plant,61.2597,
One Summerlin (Bldg J),623a9f1d-3506-4144-b82b-ad46430e48b3,AHU-J1-7,723107,Evaporator Leaving Temperature Circuit 3,4dbf55c6-cede-4558-8002-818c86c8c190,degF,B rotation Wed,plant,58.1113,
One Summerlin (Bldg J),623a9f1d-3506-4144-b82b-ad46430e48b3,AHU-J1-7,723107,Condensing Saturated Temperature Circuit 1,9f81dbae-9604-4d8b-9a17-3c02396213d7,degF,B rotation Wed,plant,88.1113,
One Summerlin (Bldg J),623a9f1d-3506-4144-b82b-ad46430e48b3,AHU-J1-7,723107,Condensing Saturated Temperature Circuit 2,c21c14c0-dff5-4f19-b9ab-2706adb1451d,degF,B rotation Wed,plant,78.4277,
One Summerlin (Bldg J),623a9f1d-3506-4144-b82b-ad46430e48b3,AHU-J1-7,723107,Condensing Saturated Temperature Circuit 3,7d25c554-591c-4e4b-8011-071b9a161cf2,degF,B rotation Wed,plant,77.8964,
One Summerlin (Bldg J),623a9f1d-3506-4144-b82b-ad46430e48b3,AHU-J1-7,723107,Space Temperature Active,5a237e01-4248-498a-8a26-b2130ad724c9,degF,A daily,comfort,8.95507,"sample 8.96 F = suspect dead sensor, verify first run"
One Summerlin (Bldg J),623a9f1d-3506-4144-b82b-ad46430e48b3,AHU-J1-7,723107,Space Temperature Setpoint Active,7aff8998-c057-4ea3-8e92-01858b792ee6,degF,profile (fetch on expansion only),comfort band centre,72.5019,
One Summerlin (Bldg J),623a9f1d-3506-4144-b82b-ad46430e48b3,AHU-J2-7,723108,Condenser Water Entering Temperature,eca47de4-d452-49b4-89d6-58e3dc8f8947,degF,B rotation Wed,plant,76.4003,
One Summerlin (Bldg J),623a9f1d-3506-4144-b82b-ad46430e48b3,AHU-J2-7,723108,Condenser Water Leaving Temperature Active,1dc97c93-8520-4f13-967f-cb4844c72810,degF,B rotation Wed,plant,85.4160,
One Summerlin (Bldg J),623a9f1d-3506-4144-b82b-ad46430e48b3,AHU-J2-7,723108,Evaporator Leaving Temperature Circuit 1,5759f554-1939-4a58-bf1a-9c97e123ea26,degF,B rotation Wed,plant,51.5957,
One Summerlin (Bldg J),623a9f1d-3506-4144-b82b-ad46430e48b3,AHU-J2-7,723108,Evaporator Leaving Temperature Circuit 2,101629fd-1dfe-43e9-85b6-c5c5f5fd5d12,degF,B rotation Wed,plant,38.2949,
One Summerlin (Bldg J),623a9f1d-3506-4144-b82b-ad46430e48b3,AHU-J2-7,723108,Evaporator Leaving Temperature Circuit 3,de25c7ad-6647-4a59-98d2-3677a02b2b14,degF,B rotation Wed,plant,34.4316,
One Summerlin (Bldg J),623a9f1d-3506-4144-b82b-ad46430e48b3,AHU-J2-7,723108,Condensing Saturated Temperature Circuit 1,e00850df-2b1a-40a4-97d0-f2324c924b4e,degF,B rotation Wed,plant,77.1894,
One Summerlin (Bldg J),623a9f1d-3506-4144-b82b-ad46430e48b3,AHU-J2-7,723108,Condensing Saturated Temperature Circuit 2,d924207a-d54e-4180-ac0b-41fc8c9be34e,degF,B rotation Wed,plant,90.2597,
One Summerlin (Bldg J),623a9f1d-3506-4144-b82b-ad46430e48b3,AHU-J2-7,723108,Condensing Saturated Temperature Circuit 3,7ea8a45c-1c7d-4ab2-bc67-2f903f87d3e8,degF,B rotation Wed,plant,88.9472,
One Summerlin (Bldg J),623a9f1d-3506-4144-b82b-ad46430e48b3,AHU-J2-7,723108,Space Temperature Active,3d0bc058-4d1b-4d1d-b45a-f16cd0da6794,degF,A daily,comfort,77.0292,
One Summerlin (Bldg J),623a9f1d-3506-4144-b82b-ad46430e48b3,AHU-J2-7,723108,Space Temperature Setpoint Active,fa7a1c26-3087-45ef-b8b9-ec4b9fdda24b,degF,profile (fetch on expansion only),comfort band centre,72.5019,
One Summerlin (Bldg J),623a9f1d-3506-4144-b82b-ad46430e48b3,AHU-J1-6,723110,Condenser Water Entering Temperature,e871484a-6ed3-4561-99c3-f296463d1e07,degF,B rotation Thu,plant,77.6308,
One Summerlin (Bldg J),623a9f1d-3506-4144-b82b-ad46430e48b3,AHU-J1-6,723110,Condenser Water Leaving Temperature Active,75fef231-719a-4a31-bf31-039636888f31,degF,B rotation Thu,plant,78.9511,
One Summerlin (Bldg J),623a9f1d-3506-4144-b82b-ad46430e48b3,AHU-J1-6,723110,Evaporator Leaving Temperature Circuit 1,6c92ca2b-6f79-499a-b856-612c25fa6a6f,degF,B rotation Thu,plant,37.7480,
One Summerlin (Bldg J),623a9f1d-3506-4144-b82b-ad46430e48b3,AHU-J1-6,723110,Evaporator Leaving Temperature Circuit 2,258e7030-288f-401f-af70-93eb0131ea7c,degF,B rotation Thu,plant,58.3886,
One Summerlin (Bldg J),623a9f1d-3506-4144-b82b-ad46430e48b3,AHU-J1-6,723110,Evaporator Leaving Temperature Circuit 3,a1ca3ec4-91b0-4f3a-a27b-e3f69c91819e,degF,B rotation Thu,plant,51.7089,
One Summerlin (Bldg J),623a9f1d-3506-4144-b82b-ad46430e48b3,AHU-J1-6,723110,Condensing Saturated Temperature Circuit 1,13f95939-0a85-4118-8bd0-43ca11946e1d,degF,B rotation Thu,plant,86.8378,
One Summerlin (Bldg J),623a9f1d-3506-4144-b82b-ad46430e48b3,AHU-J1-6,723110,Condensing Saturated Temperature Circuit 2,5bb1022a-1405-4ccc-9052-4df4f8cdbb8a,degF,B rotation Thu,plant,78.3144,
One Summerlin (Bldg J),623a9f1d-3506-4144-b82b-ad46430e48b3,AHU-J1-6,723110,Condensing Saturated Temperature Circuit 3,d68719c2-3c5d-4444-b456-c9f4432df162,degF,B rotation Thu,plant,77.6582,
One Summerlin (Bldg J),623a9f1d-3506-4144-b82b-ad46430e48b3,AHU-J1-6,723110,Space Temperature Active,68357ff3-3cd9-424d-96cf-c3f8b7a525dd,degF,A daily,comfort,76.9628,
One Summerlin (Bldg J),623a9f1d-3506-4144-b82b-ad46430e48b3,AHU-J1-6,723110,Space Temperature Setpoint Active,be39280d-ca9c-4ef9-8e54-9d24c56658f6,degF,profile (fetch on expansion only),comfort band centre,72.5019,
One Summerlin (Bldg J),623a9f1d-3506-4144-b82b-ad46430e48b3,AHU-J2-6,723111,Condenser Water Entering Temperature,e8305118-04a2-43be-9cdb-72ffdda78246,degF,B rotation Thu,plant,79.4316,
One Summerlin (Bldg J),623a9f1d-3506-4144-b82b-ad46430e48b3,AHU-J2-6,723111,Condenser Water Leaving Temperature Active,8adf834d-5b80-475a-8c98-68e826a2c583,degF,B rotation Thu,plant,78.3144,
One Summerlin (Bldg J),623a9f1d-3506-4144-b82b-ad46430e48b3,AHU-J2-6,723111,Evaporator Leaving Temperature Circuit 1,163790df-7861-4c84-8a77-3ff61c4640da,degF,B rotation Thu,plant,51.8183,
One Summerlin (Bldg J),623a9f1d-3506-4144-b82b-ad46430e48b3,AHU-J2-6,723111,Evaporator Leaving Temperature Circuit 2,d03ea982-d135-47a9-8e10-a40b166d542f,degF,B rotation Thu,plant,60.2011,
One Summerlin (Bldg J),623a9f1d-3506-4144-b82b-ad46430e48b3,AHU-J2-6,723111,Evaporator Leaving Temperature Circuit 3,9ada797d-9c84-4648-8631-3db05bf2b1c7,degF,B rotation Thu,plant,,
One Summerlin (Bldg J),623a9f1d-3506-4144-b82b-ad46430e48b3,AHU-J2-6,723111,Condensing Saturated Temperature Circuit 1,06da3aed-00b8-4a47-ae5b-6ff83cacb5e5,degF,B rotation Thu,plant,88.8378,
One Summerlin (Bldg J),623a9f1d-3506-4144-b82b-ad46430e48b3,AHU-J2-6,723111,Condensing Saturated Temperature Circuit 2,4bac5dab-e1f3-413f-830d-0c6b44d52120,degF,B rotation Thu,plant,78.0527,
One Summerlin (Bldg J),623a9f1d-3506-4144-b82b-ad46430e48b3,AHU-J2-6,723111,Condensing Saturated Temperature Circuit 3,faaa5a3f-22d1-49a0-8cb9-e43fe11049e8,degF,B rotation Thu,plant,78.8496,
One Summerlin (Bldg J),623a9f1d-3506-4144-b82b-ad46430e48b3,AHU-J2-6,723111,Space Temperature Active,de1f0a05-646a-41e3-8283-18c97bb7a54d,degF,A daily,comfort,76.8847,
One Summerlin (Bldg J),623a9f1d-3506-4144-b82b-ad46430e48b3,AHU-J2-6,723111,Space Temperature Setpoint Active,d8d6431c-8e10-4e29-b04b-cbb9319ee690,degF,profile (fetch on expansion only),comfort band centre,72.5019,
One Summerlin (Bldg J),623a9f1d-3506-4144-b82b-ad46430e48b3,AHU-J1-5,723113,Condenser Water Entering Temperature,b95fa73a-1da7-4f8b-b716-0355cb03e4ca,degF,B rotation Thu,plant,78.9433,
One Summerlin (Bldg J),623a9f1d-3506-4144-b82b-ad46430e48b3,AHU-J1-5,723113,Condenser Water Leaving Temperature Active,da8b0202-5373-4409-b724-2b17a778b683,degF,B rotation Thu,plant,85.9863,
One Summerlin (Bldg J),623a9f1d-3506-4144-b82b-ad46430e48b3,AHU-J1-5,723113,Evaporator Leaving Temperature Circuit 1,a874c6e5-a794-4f79-b67a-7adc2aff0216,degF,B rotation Thu,plant,57.7167,
One Summerlin (Bldg J),623a9f1d-3506-4144-b82b-ad46430e48b3,AHU-J1-5,723113,Evaporator Leaving Temperature Circuit 2,1eff9885-e417-4631-a7b9-a388f364b871,degF,B rotation Thu,plant,58.2792,
One Summerlin (Bldg J),623a9f1d-3506-4144-b82b-ad46430e48b3,AHU-J1-5,723113,Evaporator Leaving Temperature Circuit 3,026f9ab0-d959-4ceb-bd44-f0f5c9978de9,degF,B rotation Thu,plant,47.7246,
One Summerlin (Bldg J),623a9f1d-3506-4144-b82b-ad46430e48b3,AHU-J1-5,723113,Condensing Saturated Temperature Circuit 1,b70abc62-33be-4577-9233-c2e2b4058f90,degF,B rotation Thu,plant,77.0800,
One Summerlin (Bldg J),623a9f1d-3506-4144-b82b-ad46430e48b3,AHU-J1-5,723113,Condensing Saturated Temperature Circuit 2,8f6fe8b3-53b5-402c-998c-381429006013,degF,B rotation Thu,plant,78.3105,
One Summerlin (Bldg J),623a9f1d-3506-4144-b82b-ad46430e48b3,AHU-J1-5,723113,Condensing Saturated Temperature Circuit 3,a11a2ce3-87a5-42df-add6-787eafa7d8f5,degF,B rotation Thu,plant,89.9316,
One Summerlin (Bldg J),623a9f1d-3506-4144-b82b-ad46430e48b3,AHU-J1-5,723113,Space Temperature Active,050d576a-04b1-4161-8a0f-a0c0bf596d8f,degF,A daily,comfort,77.1152,
One Summerlin (Bldg J),623a9f1d-3506-4144-b82b-ad46430e48b3,AHU-J1-5,723113,Space Temperature Setpoint Active,359d396c-d46e-40e4-a98b-f814819e8949,degF,profile (fetch on expansion only),comfort band centre,72.5019,
One Summerlin (Bldg J),623a9f1d-3506-4144-b82b-ad46430e48b3,AHU-J2-5,723114,Condenser Water Entering Temperature,adb600a3-4aba-4385-ab98-7f2d84803c93,degF,B rotation Fri,plant,77.6777,
One Summerlin (Bldg J),623a9f1d-3506-4144-b82b-ad46430e48b3,AHU-J2-5,723114,Condenser Water Leaving Temperature Active,1caba290-587d-4426-b049-5bf66c0ae463,degF,B rotation Fri,plant,84.7597,
One Summerlin (Bldg J),623a9f1d-3506-4144-b82b-ad46430e48b3,AHU-J2-5,723114,Evaporator Leaving Temperature Circuit 1,a0803a38-dc5d-4340-a13d-f4f5c198a51f,degF,B rotation Fri,plant,56.7636,
One Summerlin (Bldg J),623a9f1d-3506-4144-b82b-ad46430e48b3,AHU-J2-5,723114,Evaporator Leaving Temperature Circuit 2,3df849b8-87cf-4d1d-aa1a-11b202fdd587,degF,B rotation Fri,plant,54.2246,
One Summerlin (Bldg J),623a9f1d-3506-4144-b82b-ad46430e48b3,AHU-J2-5,723114,Evaporator Leaving Temperature Circuit 3,6f95cda2-6f88-4e1d-b95b-35be806d0f01,degF,B rotation Fri,plant,41.2128,
One Summerlin (Bldg J),623a9f1d-3506-4144-b82b-ad46430e48b3,AHU-J2-5,723114,Condensing Saturated Temperature Circuit 1,34b22003-8e7b-45dd-adf7-1632b32e77a7,degF,B rotation Fri,plant,77.0957,
One Summerlin (Bldg J),623a9f1d-3506-4144-b82b-ad46430e48b3,AHU-J2-5,723114,Condensing Saturated Temperature Circuit 2,d29f1209-6da7-409e-ab53-2d64fb1228c8,degF,B rotation Fri,plant,80.7402,
One Summerlin (Bldg J),623a9f1d-3506-4144-b82b-ad46430e48b3,AHU-J2-5,723114,Condensing Saturated Temperature Circuit 3,d896f707-1bb1-46f5-8d7e-62cf606a488a,degF,B rotation Fri,plant,90.2597,
One Summerlin (Bldg J),623a9f1d-3506-4144-b82b-ad46430e48b3,AHU-J2-5,723114,Space Temperature Active,d50e2f53-7efc-4910-8a01-0649e5b7a96c,degF,A daily,comfort,76.7910,
One Summerlin (Bldg J),623a9f1d-3506-4144-b82b-ad46430e48b3,AHU-J2-5,723114,Space Temperature Setpoint Active,d02a4e92-286c-4a26-be55-139e6426dc88,degF,profile (fetch on expansion only),comfort band centre,72.5019,
One Summerlin (Bldg J),623a9f1d-3506-4144-b82b-ad46430e48b3,AHU-J1-4,723116,Condenser Water Entering Temperature,a5d27dd6-6704-4406-b2a9-c94b13f40a8d,degF,B rotation Fri,plant,78.7402,
One Summerlin (Bldg J),623a9f1d-3506-4144-b82b-ad46430e48b3,AHU-J1-4,723116,Condenser Water Leaving Temperature Active,f08c7bc9-1a65-4c91-a54a-1573be7ac1f6,degF,B rotation Fri,plant,79.4550,
One Summerlin (Bldg J),623a9f1d-3506-4144-b82b-ad46430e48b3,AHU-J1-4,723116,Evaporator Leaving Temperature Circuit 1,b4ec9c0c-d24c-44ec-aaa4-de4944106e8a,degF,B rotation Fri,plant,58.6933,
One Summerlin (Bldg J),623a9f1d-3506-4144-b82b-ad46430e48b3,AHU-J1-4,723116,Evaporator Leaving Temperature Circuit 2,5d7fe39b-7b43-40c0-90a0-fc8c89989d33,degF,B rotation Fri,plant,50.0214,
One Summerlin (Bldg J),623a9f1d-3506-4144-b82b-ad46430e48b3,AHU-J1-4,723116,Evaporator Leaving Temperature Circuit 3,10436378-21a4-4662-a607-52d07d2225c9,degF,B rotation Fri,plant,55.8613,
One Summerlin (Bldg J),623a9f1d-3506-4144-b82b-ad46430e48b3,AHU-J1-4,723116,Condensing Saturated Temperature Circuit 1,d8f2ebd4-2db9-4003-a621-a32089231c57,degF,B rotation Fri,plant,78.0292,
One Summerlin (Bldg J),623a9f1d-3506-4144-b82b-ad46430e48b3,AHU-J1-4,723116,Condensing Saturated Temperature Circuit 2,a550f0e9-5a50-49de-b629-4a30d3ef81cc,degF,B rotation Fri,plant,92.7988,
One Summerlin (Bldg J),623a9f1d-3506-4144-b82b-ad46430e48b3,AHU-J1-4,723116,Condensing Saturated Temperature Circuit 3,d8e7ee42-7d60-42ed-b1ee-cd9b9a329f73,degF,B rotation Fri,plant,78.9511,
One Summerlin (Bldg J),623a9f1d-3506-4144-b82b-ad46430e48b3,AHU-J1-4,723116,Space Temperature Active,9a35d5f6-2f71-4f1c-a0bf-f15cc8e1dd51,degF,A daily,comfort,76.1894,
One Summerlin (Bldg J),623a9f1d-3506-4144-b82b-ad46430e48b3,AHU-J1-4,723116,Space Temperature Setpoint Active,4062d9f5-7924-4dd8-ae74-5a3476422cf5,degF,profile (fetch on expansion only),comfort band centre,72.5019,
One Summerlin (Bldg J),623a9f1d-3506-4144-b82b-ad46430e48b3,AHU-J2-4,723117,Condenser Water Entering Temperature,2bb48e0f-2861-48b2-b9fd-fbc23806d3d5,degF,B rotation Fri,plant,77.4160,
One Summerlin (Bldg J),623a9f1d-3506-4144-b82b-ad46430e48b3,AHU-J2-4,723117,Condenser Water Leaving Temperature Active,9a1c716d-fd2c-478a-b857-5d3444fd330c,degF,B rotation Fri,plant,83.6308,
One Summerlin (Bldg J),623a9f1d-3506-4144-b82b-ad46430e48b3,AHU-J2-4,723117,Evaporator Leaving Temperature Circuit 1,dcf99c60-c69d-426d-8ede-261ca8612252,degF,B rotation Fri,plant,57.9550,
One Summerlin (Bldg J),623a9f1d-3506-4144-b82b-ad46430e48b3,AHU-J2-4,723117,Evaporator Leaving Temperature Circuit 2,7d68b8b6-b1ff-40d1-982a-c75eef4938fc,degF,B rotation Fri,plant,42.2363,
One Summerlin (Bldg J),623a9f1d-3506-4144-b82b-ad46430e48b3,AHU-J2-4,723117,Evaporator Leaving Temperature Circuit 3,1c498138-3b31-4d86-85dc-7a213cf52448,degF,B rotation Fri,plant,60.0996,
One Summerlin (Bldg J),623a9f1d-3506-4144-b82b-ad46430e48b3,AHU-J2-4,723117,Condensing Saturated Temperature Circuit 1,d8568384-d1ca-4a10-95a9-52a3fc03fa16,degF,B rotation Fri,plant,78.2207,
One Summerlin (Bldg J),623a9f1d-3506-4144-b82b-ad46430e48b3,AHU-J2-4,723117,Condensing Saturated Temperature Circuit 2,49a3753d-1c9e-4632-959f-81cada682bf9,degF,B rotation Fri,plant,85.9824,
One Summerlin (Bldg J),623a9f1d-3506-4144-b82b-ad46430e48b3,AHU-J2-4,723117,Condensing Saturated Temperature Circuit 3,aeffd9c3-7610-485c-a540-92c5cfce5bc0,degF,B rotation Fri,plant,85.2832,
One Summerlin (Bldg J),623a9f1d-3506-4144-b82b-ad46430e48b3,AHU-J2-4,723117,Space Temperature Active,fab30dc3-9848-4623-99de-5fb55db207c3,degF,A daily,comfort,76.9785,
One Summerlin (Bldg J),623a9f1d-3506-4144-b82b-ad46430e48b3,AHU-J2-4,723117,Space Temperature Setpoint Active,f9e1de93-619d-43c9-b096-e7eec87a4d7d,degF,profile (fetch on expansion only),comfort band centre,72.5019,
One Summerlin (Bldg J),623a9f1d-3506-4144-b82b-ad46430e48b3,AHU-J1-3,723119,Condenser Water Entering Temperature,0b1f17c9-72a3-4737-bc28-fac477d54ecb,degF,B rotation Sat,plant,79.3769,
One Summerlin (Bldg J),623a9f1d-3506-4144-b82b-ad46430e48b3,AHU-J1-3,723119,Condenser Water Leaving Temperature Active,d16c08af-a282-4888-b480-92c9f0713ba0,degF,B rotation Sat,plant,79.6855,
One Summerlin (Bldg J),623a9f1d-3506-4144-b82b-ad46430e48b3,AHU-J1-3,723119,Evaporator Leaving Temperature Circuit 1,85546c31-3225-4b1b-881f-0fb1f5bdfa94,degF,B rotation Sat,plant,45.9160,
One Summerlin (Bldg J),623a9f1d-3506-4144-b82b-ad46430e48b3,AHU-J1-3,723119,Evaporator Leaving Temperature Circuit 2,38bcb1b0-312b-4cc4-9828-c84bf612bd59,degF,B rotation Sat,plant,59.5644,
One Summerlin (Bldg J),623a9f1d-3506-4144-b82b-ad46430e48b3,AHU-J1-3,723119,Evaporator Leaving Temperature Circuit 3,711426fb-0f57-4d7a-a3a6-58a8f0777108,degF,B rotation Sat,plant,56.7050,
One Summerlin (Bldg J),623a9f1d-3506-4144-b82b-ad46430e48b3,AHU-J1-3,723119,Condensing Saturated Temperature Circuit 1,e2708d39-a760-4e90-aa8f-4879551eddcd,degF,B rotation Sat,plant,87.5332,
One Summerlin (Bldg J),623a9f1d-3506-4144-b82b-ad46430e48b3,AHU-J1-3,723119,Condensing Saturated Temperature Circuit 2,3700ea4a-17d2-471f-9638-7f69dc19ae50,degF,B rotation Sat,plant,78.7011,
One Summerlin (Bldg J),623a9f1d-3506-4144-b82b-ad46430e48b3,AHU-J1-3,723119,Condensing Saturated Temperature Circuit 3,39c25679-ff40-4f64-ba02-4698e84f2599,degF,B rotation Sat,plant,78.3144,
One Summerlin (Bldg J),623a9f1d-3506-4144-b82b-ad46430e48b3,AHU-J1-3,723119,Space Temperature Active,c830856f-95da-4901-ba5e-8c6bcbe34e11,degF,A daily,comfort,77.0058,
One Summerlin (Bldg J),623a9f1d-3506-4144-b82b-ad46430e48b3,AHU-J1-3,723119,Space Temperature Setpoint Active,ce7515ef-7e4c-4356-b54e-a3eb57ab10a5,degF,profile (fetch on expansion only),comfort band centre,72.5019,
One Summerlin (Bldg J),623a9f1d-3506-4144-b82b-ad46430e48b3,AHU-J2-3,723120,Condenser Water Entering Temperature,be1dc806-39c7-44fa-8713-73499d5cfbf8,degF,B rotation Sat,plant,77.0371,
One Summerlin (Bldg J),623a9f1d-3506-4144-b82b-ad46430e48b3,AHU-J2-3,723120,Condenser Water Leaving Temperature Active,588f14f8-1c8d-4e1e-aa21-d43707dc6fa4,degF,B rotation Sat,plant,77.7949,
One Summerlin (Bldg J),623a9f1d-3506-4144-b82b-ad46430e48b3,AHU-J2-3,723120,Evaporator Leaving Temperature Circuit 1,a7e15dbc-2437-478f-a5f7-03c24a0a42eb,degF,B rotation Sat,plant,32.7871,
One Summerlin (Bldg J),623a9f1d-3506-4144-b82b-ad46430e48b3,AHU-J2-3,723120,Evaporator Leaving Temperature Circuit 2,bf225510-f656-4bae-bf6b-10d659f76d36,degF,B rotation Sat,plant,53.1660,
One Summerlin (Bldg J),623a9f1d-3506-4144-b82b-ad46430e48b3,AHU-J2-3,723120,Evaporator Leaving Temperature Circuit 3,a24dedbd-6fb1-4ff0-af2d-1a05522e66db,degF,B rotation Sat,plant,57.5488,
One Summerlin (Bldg J),623a9f1d-3506-4144-b82b-ad46430e48b3,AHU-J2-3,723120,Condensing Saturated Temperature Circuit 1,33aa6252-a845-4aab-9bae-460c26ffd671,degF,B rotation Sat,plant,89.9238,
One Summerlin (Bldg J),623a9f1d-3506-4144-b82b-ad46430e48b3,AHU-J2-3,723120,Condensing Saturated Temperature Circuit 2,395bfba5-2590-4013-9266-845a793d8d2b,degF,B rotation Sat,plant,77.9941,
One Summerlin (Bldg J),623a9f1d-3506-4144-b82b-ad46430e48b3,AHU-J2-3,723120,Condensing Saturated Temperature Circuit 3,e2536d99-d3d6-4681-9020-cb71d89e1fd8,degF,B rotation Sat,plant,77.0957,
One Summerlin (Bldg J),623a9f1d-3506-4144-b82b-ad46430e48b3,AHU-J2-3,723120,Space Temperature Active,aa89a2b8-2c69-4b3b-92a8-8663c05bcfd4,degF,A daily,comfort,77.0292,
One Summerlin (Bldg J),623a9f1d-3506-4144-b82b-ad46430e48b3,AHU-J2-3,723120,Space Temperature Setpoint Active,5013ce36-1be8-43b5-8623-e60aab04e6a1,degF,profile (fetch on expansion only),comfort band centre,72.5019,
One Summerlin (Bldg J),623a9f1d-3506-4144-b82b-ad46430e48b3,AHU J1-2,723122,Condenser Water Entering Temperature,cc106f9f-ef44-4c05-8687-7829722c0ca8,degF,B rotation Sat,plant,78.5332,
One Summerlin (Bldg J),623a9f1d-3506-4144-b82b-ad46430e48b3,AHU J1-2,723122,Condenser Water Leaving Temperature Active,937de66d-22eb-4fa7-9dfd-dc4b7aa2fd7c,degF,B rotation Sat,plant,77.8378,
One Summerlin (Bldg J),623a9f1d-3506-4144-b82b-ad46430e48b3,AHU J1-2,723122,Evaporator Leaving Temperature Circuit 1,186fc0d6-08e7-4ce5-af22-f9c5142c3526,degF,B rotation Sat,plant,57.9433,
One Summerlin (Bldg J),623a9f1d-3506-4144-b82b-ad46430e48b3,AHU J1-2,723122,Evaporator Leaving Temperature Circuit 2,b194f741-d57a-4539-900c-55b8192a3018,degF,B rotation Sat,plant,49.6972,
One Summerlin (Bldg J),623a9f1d-3506-4144-b82b-ad46430e48b3,AHU J1-2,723122,Evaporator Leaving Temperature Circuit 3,d1f2c4b2-ad47-4b40-9945-78031173ea25,degF,B rotation Sat,plant,56.9316,
One Summerlin (Bldg J),623a9f1d-3506-4144-b82b-ad46430e48b3,AHU J1-2,723122,Condensing Saturated Temperature Circuit 1,8199285e-9206-4ca3-bdc9-b9676fddec0e,degF,B rotation Sat,plant,78.8261,
One Summerlin (Bldg J),623a9f1d-3506-4144-b82b-ad46430e48b3,AHU J1-2,723122,Condensing Saturated Temperature Circuit 2,be033146-aa17-4e15-80d6-af3d17cbd040,degF,B rotation Sat,plant,89.7792,
One Summerlin (Bldg J),623a9f1d-3506-4144-b82b-ad46430e48b3,AHU J1-2,723122,Condensing Saturated Temperature Circuit 3,661da13c-d638-4d90-9038-3d872d8dd97d,degF,B rotation Sat,plant,79.0488,
One Summerlin (Bldg J),623a9f1d-3506-4144-b82b-ad46430e48b3,AHU J1-2,723122,Space Temperature Active,620cead6-6693-4f89-86ec-7f1b722083b8,degF,A daily,comfort,77.0371,
One Summerlin (Bldg J),623a9f1d-3506-4144-b82b-ad46430e48b3,AHU J1-2,723122,Space Temperature Setpoint Active,06e48b0c-4735-4da2-97d5-8f67e36815fc,degF,profile (fetch on expansion only),comfort band centre,72.5019,
One Summerlin (Bldg J),623a9f1d-3506-4144-b82b-ad46430e48b3,AHU-J2-2,723123,Condenser Water Entering Temperature,a4b07c94-a161-4512-bc06-cc9b4547c211,degF,excluded (dark),plant,78.7050,
One Summerlin (Bldg J),623a9f1d-3506-4144-b82b-ad46430e48b3,AHU-J2-2,723123,Condenser Water Leaving Temperature Active,0c219703-5579-42d7-984a-23b6b0a0626b,degF,excluded (dark),plant,79.9550,
One Summerlin (Bldg J),623a9f1d-3506-4144-b82b-ad46430e48b3,AHU-J2-2,723123,Evaporator Leaving Temperature Circuit 1,66fb3d74-e79b-436f-9918-e9bd8edcfdf4,degF,excluded (dark),plant,59.1113,
One Summerlin (Bldg J),623a9f1d-3506-4144-b82b-ad46430e48b3,AHU-J2-2,723123,Evaporator Leaving Temperature Circuit 2,8cd1bfb6-de76-4644-9fb3-e0adaf8f9d6b,degF,excluded (dark),plant,49.7949,
One Summerlin (Bldg J),623a9f1d-3506-4144-b82b-ad46430e48b3,AHU-J2-2,723123,Evaporator Leaving Temperature Circuit 3,7a5c3a98-a55c-4e3c-9f24-869cc94b81fc,degF,excluded (dark),plant,56.5839,
One Summerlin (Bldg J),623a9f1d-3506-4144-b82b-ad46430e48b3,AHU-J2-2,723123,Condensing Saturated Temperature Circuit 1,3a37843e-822b-4619-88ea-0cdbfa4b519d,degF,excluded (dark),plant,78.5332,
One Summerlin (Bldg J),623a9f1d-3506-4144-b82b-ad46430e48b3,AHU-J2-2,723123,Condensing Saturated Temperature Circuit 2,39818524-7efa-4850-9ef2-2495bf814814,degF,excluded (dark),plant,90.3925,
One Summerlin (Bldg J),623a9f1d-3506-4144-b82b-ad46430e48b3,AHU-J2-2,723123,Condensing Saturated Temperature Circuit 3,76cf3bae-8879-462b-853d-8c30a3d5cbf1,degF,excluded (dark),plant,78.9511,
One Summerlin (Bldg J),623a9f1d-3506-4144-b82b-ad46430e48b3,AHU-J2-2,723123,Space Temperature Active,19a8674f-e3f7-4ebe-97b8-594ba58cf189,degF,A daily latest only,dark canary (device dark since 08/07),77.0058,
One Summerlin (Bldg J),623a9f1d-3506-4144-b82b-ad46430e48b3,AHU-J2-2,723123,Space Temperature Setpoint Active,bee5068a-f12c-4e8f-a4c1-c229b6ebac54,degF,profile (fetch on expansion only),comfort band centre,72.5019,
Two Summerlin,1fe2668e-c7a5-46d8-95e0-ad9ada141bf3,VAV 3-03D,1021351,Discharge Air Temperature,e2b76de0-c769-43f3-9b69-279254cc9d35,degC,expansion only,conditioning evidence,14.9090,
Two Summerlin,1fe2668e-c7a5-46d8-95e0-ad9ada141bf3,VAV 3-03D,1021351,Space Temperature Local,457437a8-0b07-49e9-8be0-c7c5f911d5fa,degC,A daily,comfort,22.2833,
Two Summerlin,1fe2668e-c7a5-46d8-95e0-ad9ada141bf3,VAV 3-03E,1222352,Discharge Air Temperature,6343887b-dd9d-4a05-939f-29fbe7af35bc,degC,expansion only,conditioning evidence,15.1890,
Two Summerlin,1fe2668e-c7a5-46d8-95e0-ad9ada141bf3,VAV 3-03E,1222352,Space Temperature Local,70e59bce-af99-43c0-82b7-f9c0f3a0d92f,degC,A daily,comfort,23.3833,
Two Summerlin,1fe2668e-c7a5-46d8-95e0-ad9ada141bf3,VAV 4-01,1226401,Discharge Air Temperature,e01938b8-6b7b-448c-94b2-b9804794aa78,degC,expansion only,conditioning evidence,15.5843,
Two Summerlin,1fe2668e-c7a5-46d8-95e0-ad9ada141bf3,VAV 4-01,1226401,Space Temperature Local,bbfff796-f495-4f9c-a334-28dd293282da,degC,A daily,comfort,22.9388,
Two Summerlin,1fe2668e-c7a5-46d8-95e0-ad9ada141bf3,VAV 4-02,1228402,Discharge Air Temperature,da97897c-1962-42e0-8c65-de4203fb62d5,degC,expansion only,conditioning evidence,28.3535,
Two Summerlin,1fe2668e-c7a5-46d8-95e0-ad9ada141bf3,VAV 4-02,1228402,Space Temperature Local,543bbba1-791e-48ba-89c0-c49db9d7b22f,degC,A daily,comfort,28.1055,
Two Summerlin,1fe2668e-c7a5-46d8-95e0-ad9ada141bf3,VAV 5-01,1134501,Discharge Air Temperature,e2b94f60-975f-41e4-a419-47069e4c64a3,degC,expansion only,conditioning evidence,16.7750,
Two Summerlin,1fe2668e-c7a5-46d8-95e0-ad9ada141bf3,VAV 5-01,1134501,Space Temperature Local,3a14eda4-d176-4f81-a656-f3bc7210dc33,degC,A daily,comfort,24.9055,
Two Summerlin,1fe2668e-c7a5-46d8-95e0-ad9ada141bf3,VAV 5-03,1134503,Discharge Air Temperature,22a2f411-f9f7-4318-9517-8ea7bf81201b,degC,expansion only,conditioning evidence,0.33287,
Two Summerlin,1fe2668e-c7a5-46d8-95e0-ad9ada141bf3,VAV 5-03,1134503,Space Temperature Local,36ecd128-fc22-479b-959e-aece5bdfdf9e,degC,A daily,comfort,24.6277,
Two Summerlin,1fe2668e-c7a5-46d8-95e0-ad9ada141bf3,VAV 6-01,1137601,Discharge Air Temperature,c55b1bf1-839c-4398-b87a-55a34ac8bf9e,degC,expansion only,conditioning evidence,15.8932,
Two Summerlin,1fe2668e-c7a5-46d8-95e0-ad9ada141bf3,VAV 6-01,1137601,Space Temperature Local,e8910cd3-df9c-4694-b194-d1336bdabded,degC,A daily,comfort,23.3222,
Two Summerlin,1fe2668e-c7a5-46d8-95e0-ad9ada141bf3,VAV 6-03,1138603,Discharge Air Temperature,35ecdb2a-a07c-4358-9a48-651dafab5d27,degC,expansion only,conditioning evidence,15.7115,
Two Summerlin,1fe2668e-c7a5-46d8-95e0-ad9ada141bf3,VAV 6-03,1138603,Space Temperature Local,da532bbb-d280-49a2-a4a1-9dcd3305e80f,degC,A daily,comfort,22.3944,
Two Summerlin,1fe2668e-c7a5-46d8-95e0-ad9ada141bf3,VAV 3-03D,1021351,Occupancy Input,12302d49-d8cf-4946-ae14-7721cd06b571,unknown-units,A daily on VAV 3-03D and VAV 5-01 only (probe what the point means),occupancy probe,inactiv,
Two Summerlin,1fe2668e-c7a5-46d8-95e0-ad9ada141bf3,VAV 3-03E,1222352,Occupancy Input,58863613-62a2-44fe-9f76-ce9445f2cffd,unknown-units,expansion only,occupancy probe,inactiv,
Two Summerlin,1fe2668e-c7a5-46d8-95e0-ad9ada141bf3,VAV 4-01,1226401,Occupancy Input,49eb810c-1341-4b9d-ad6a-14d398c309fa,unknown-units,expansion only,occupancy probe,inactiv,
Two Summerlin,1fe2668e-c7a5-46d8-95e0-ad9ada141bf3,VAV 4-02,1228402,Occupancy Input,03f40101-6690-4c1a-a62c-b931096acca8,unknown-units,expansion only,occupancy probe,inactiv,
Two Summerlin,1fe2668e-c7a5-46d8-95e0-ad9ada141bf3,VAV 5-01,1134501,Occupancy Input,741fc590-259a-4e8f-8f8c-07d2548aa53f,unknown-units,A daily on VAV 3-03D and VAV 5-01 only (probe what the point means),occupancy probe,inactiv,
Two Summerlin,1fe2668e-c7a5-46d8-95e0-ad9ada141bf3,VAV 5-03,1134503,Occupancy Input,a353ec7c-9b92-4a2e-bd68-8b396b5c5212,unknown-units,expansion only,occupancy probe,inactiv,
Two Summerlin,1fe2668e-c7a5-46d8-95e0-ad9ada141bf3,VAV 6-01,1137601,Occupancy Input,39a75b2b-2ba2-4799-ac65-eab8adeed4d5,unknown-units,expansion only,occupancy probe,inactiv,
Two Summerlin,1fe2668e-c7a5-46d8-95e0-ad9ada141bf3,VAV 6-03,1138603,Occupancy Input,f63511d8-ce8a-4b23-a910-521b6aba13c8,unknown-units,expansion only,occupancy probe,inactiv,
Two Summerlin,1fe2668e-c7a5-46d8-95e0-ad9ada141bf3,VAV 3-03D,1021351,Space Temperature Setpoint Local,0cfef976-992d-478e-ab29-3dc5e08429ea,degC,profile (fetch on expansion only),comfort band centre,22.2199,
Two Summerlin,1fe2668e-c7a5-46d8-95e0-ad9ada141bf3,VAV 3-03E,1222352,Space Temperature Setpoint Local,d4bd04d4-b602-4c8e-a8ad-dcdd1b5aaa3b,degC,profile (fetch on expansion only),comfort band centre,20.5555,
Two Summerlin,1fe2668e-c7a5-46d8-95e0-ad9ada141bf3,VAV 4-01,1226401,Space Temperature Setpoint Local,25244c50-b147-4747-8b98-ea968126c571,degC,profile (fetch on expansion only),comfort band centre,25.5555,
Two Summerlin,1fe2668e-c7a5-46d8-95e0-ad9ada141bf3,VAV 4-02,1228402,Space Temperature Setpoint Local,3a13a02d-2a28-40ed-a22f-655b12711c74,degC,profile (fetch on expansion only),comfort band centre,21.6666,
Two Summerlin,1fe2668e-c7a5-46d8-95e0-ad9ada141bf3,VAV 5-01,1134501,Space Temperature Setpoint Local,79f39ad2-0501-40bf-b65e-04f3a0aa9f48,degC,profile (fetch on expansion only),comfort band centre,25.5555,
Two Summerlin,1fe2668e-c7a5-46d8-95e0-ad9ada141bf3,VAV 5-03,1134503,Space Temperature Setpoint Local,ac55970f-40b1-4db2-a781-382b81a8f352,degC,profile (fetch on expansion only),comfort band centre,23.8888,
Two Summerlin,1fe2668e-c7a5-46d8-95e0-ad9ada141bf3,VAV 6-01,1137601,Space Temperature Setpoint Local,65eeae30-0bea-437c-8f6a-2bbb7aa7123f,degC,profile (fetch on expansion only),comfort band centre,22.2222,
Two Summerlin,1fe2668e-c7a5-46d8-95e0-ad9ada141bf3,VAV 6-03,1138603,Space Temperature Setpoint Local,ceab8b4b-b1cb-4267-8ad1-b8afdbb9b94d,degC,profile (fetch on expansion only),comfort band centre,23.3333,
Meridian (Los Angeles),10619790-eb61-42cd-bb43-dd2701d0608a,VAV_01,58085,UNITOUCH SpaceTemp,7f6d4899-0331-48dc-9867-a50bd60f1eda,degF,A daily,comfort,77.9281,floor Floor 1
Meridian (Los Angeles),10619790-eb61-42cd-bb43-dd2701d0608a,VAV_01,58085,ComSensor 1 Motion,96684559-ae96-4a09-875e-cbca6c27d94f,binary,A daily on VAV_01 and VAV_B05_01 only,occupancy (real motion sensor),inactiv,floor Floor 1
Meridian (Los Angeles),10619790-eb61-42cd-bb43-dd2701d0608a,VAV_B05_01,217196,UNITOUCH SpaceTemp,afbf933a-f621-4623-88c3-841ca45e06c9,degF,A daily,comfort,81.5268,floor Floor 2
Meridian (Los Angeles),10619790-eb61-42cd-bb43-dd2701d0608a,VAV_B05_01,217196,ComSensor 1 Motion,91a21e9e-07c8-47dc-9f44-d970d91acdb8,binary,A daily on VAV_01 and VAV_B05_01 only,occupancy (real motion sensor),inactiv,floor Floor 2
Meridian (Los Angeles),10619790-eb61-42cd-bb43-dd2701d0608a,VAV_B08_01,2008,UNITOUCH SpaceTemp,13cafeff-03c4-49a7-9b9c-de0f4fb120b9,degF,A daily,comfort,80.9336,floor Floor 2
Meridian (Los Angeles),10619790-eb61-42cd-bb43-dd2701d0608a,VAV_B08_01,2008,ComSensor 1 Motion,e85d4a7b-d36d-479f-bb6c-e9df73b7f731,binary,expansion only,occupancy (real motion sensor),inactiv,floor Floor 2
Meridian (Los Angeles),10619790-eb61-42cd-bb43-dd2701d0608a,RTU-02-B (MTIII_AHU_200102),200102,"RATemp (return air, space proxy)",0af1286f-e72f-418b-b258-9e8cb2cf2de3,degF,A daily,comfort,75.9568,"SpaceTemp on this unit family reads 126.5 = sentinel, do not use"
Meridian (Los Angeles),10619790-eb61-42cd-bb43-dd2701d0608a,RTU-03-B (MTIII_AHU_200103),200103,"RATemp (return air, space proxy)",523df772-51aa-46f5-8d9e-48fec9e1d252,degF,A daily,comfort,75.8812,"SpaceTemp on this unit family reads 126.5 = sentinel, do not use"
Meridian (Los Angeles),10619790-eb61-42cd-bb43-dd2701d0608a,RTU-04-B (MTIII_AHU_200104),200104,"RATemp (return air, space proxy)",10c26f9b-d1aa-475b-b26f-7071513e676e,degF,A daily,comfort,74.9350,"SpaceTemp on this unit family reads 126.5 = sentinel, do not use"
Meridian (Los Angeles),10619790-eb61-42cd-bb43-dd2701d0608a,RTU-05-B (MTIII_AHU_200105),200105,"RATemp (return air, space proxy)",b9a909ba-cbf9-40a8-add9-2ba55559784e,degF,A daily,comfort,79.6112,"SpaceTemp on this unit family reads 126.5 = sentinel, do not use"
Meridian (Los Angeles),10619790-eb61-42cd-bb43-dd2701d0608a,RTU-14-A (MTIII_AHU_100114),100114,RATemp,49612aa0-0a52-4c8b-87b8-e6831fb4e69f,degF,A daily latest only,Bldg A dark canary (trunk dark since 07/13),80.5173,STALE at 07/23 audit
Meridian (Los Angeles),10619790-eb61-42cd-bb43-dd2701d0608a,RTU-06-B (MTIII_AHU_200106),200106,"RATemp (return air, space proxy)",6ba3bfa0-5ff7-46e4-89c3-924b64b9d810,degF,A daily,comfort,79.2470,"SpaceTemp on this unit family reads 126.5 = sentinel, do not use"
Meridian (Los Angeles),10619790-eb61-42cd-bb43-dd2701d0608a,RTU-107-B (MTIII_AHU_200107),200107,"RATemp (return air, space proxy)",e8a87ccd-35f6-48d2-8df0-aae0386bb778,degF,A daily,comfort,78.0957,"SpaceTemp on this unit family reads 126.5 = sentinel, do not use"
Meridian (Los Angeles),10619790-eb61-42cd-bb43-dd2701d0608a,RTU-08-B (MTIII_AHU_200108),200108,"RATemp (return air, space proxy)",2b25b777-cb7f-4dd8-a270-a9abaa78bc7a,degF,A daily,comfort,79.9744,"SpaceTemp on this unit family reads 126.5 = sentinel, do not use"
Meridian (Los Angeles),10619790-eb61-42cd-bb43-dd2701d0608a,RTU-09-B (MTIII_AHU_200109),200109,"RATemp (return air, space proxy)",a24834bb-9ac4-481d-b631-af1bd2726089,degF,A daily,comfort,76.6775,"SpaceTemp on this unit family reads 126.5 = sentinel, do not use"
Meridian (Los Angeles),10619790-eb61-42cd-bb43-dd2701d0608a,RTU-11-B (MTIII_AHU_200111),200111,"RATemp (return air, space proxy)",cbdde6d3-37de-4ea2-af00-fc844db9da5d,degF,A daily,comfort,79.6112,"SpaceTemp on this unit family reads 126.5 = sentinel, do not use"
Meridian (Los Angeles),10619790-eb61-42cd-bb43-dd2701d0608a,RTU-23-A (MTIII_AHU_100123),100123,RATemp,218cb864-52e4-42ab-9d77-23dd73e0d6ad,degF,A daily latest only,Bldg A dark canary (trunk dark since 07/13),81.8990,STALE at 07/23 audit
Meridian (Los Angeles),10619790-eb61-42cd-bb43-dd2701d0608a,VAV_02,170221,UNITOUCH SpaceTemp,bcb14fc1-fdfa-42bb-8b70-e691be0d321d,degF,A daily,comfort,77.2974,floor Floor 1; replaces VAV-A-16-1 whose sample was nan
Meridian (Los Angeles),10619790-eb61-42cd-bb43-dd2701d0608a,VAV_02,170221,ComSensor 1 Motion,8626ff61-2c35-4f16-be58-e32879e9780c,binary,expansion only,occupancy (real motion sensor),inactiv,floor Floor 1; replaces VAV-A-16-1 whose sample was nan
